Workbook

Sheet 2024年12月29日
A1: 用电负荷(MW) | B1: 外送计划(MW) | C1: 火电总计划(MW) | D1: 新能源总计划(MW) | E1: 用户侧价格(元/MWh) | F1: 特高压雁淮直流外送-电力(MW) | G1: 塔山3# | H1: 塔山4# | I1: 王家岭电厂1#机 | J1: 王家岭电厂2#机 | K1: 神泉1# | L1: 神泉2# | M1: 神泉二期3号机 | N1: 神泉二期4号机 | O1: 紫荆电厂01# | P1: 紫荆电厂02# | Q1: 系统负荷实际值(MW) | R1: 外送实际值(MW) | S1: 风电实际值(MW) | T1: 光伏实际值(MW) | U1: 风光总加实际值(MW) | V1: 水电实际值(MW) | W1: 频率实际值(MW) | X1: 实际上旋备用(MW) | Y1: 实际下旋备用(MW) | Z1: 非市场化机组实际出力(MW) | AA1: 是否越限 | AB1: 湖关三-潮流(MW) | AC1: 实时节点边际电价-电能量价格(元/MWh) | AD1: 实时节点边际电价-阻塞价格(元/MWh) | AE1: 实时节点边际电价-节点电价(元/MWh) | AF1: 日前节点边际电价-电能量价格(元/MWh) | AG1: 日前节点边际电价-阻塞价格(元/MWh) | AH1: 日前节点边际电价-节点电价(元/MWh) | AI1: 日前联络线电力值(MW) | AJ1: 省内负荷预测电力值(MW) | AK1: 总加电力值(MW) | AL1: 电力值(MW) | AM1: 风电(MW) | AN1: 光伏(MW) | AO1: 实时出清价格(元/MWh) | AP1: 日前出清价格(元/MWh) | AQ1: 日前-出清概况 | AR1: 实时-出清概况 | AS1: 1#日前结果(MW) | AT1: 1#实时结果(MW) | AU1: 1#日前价格(元/MWh) | AV1: 1#实时价格(元/MWh) | AW1: 2#日前结果(MW) | AX1: 2#实时结果(MW) | AY1: 2#日前价格(元/MWh) | AZ1: 2#实时价格(元/MWh)
A2: 34109.37 | B2: -6653.73 | C2: 29697.37 | D2: 12727.88 | E2: 250 | F2: 7199 | G2: 0 | H2: 363.37 | I2: 579.91 | J2: 636.69 | K2: 279.24 | L2: 279.7 | M2: 735.48 | N2: 733.42 | O2: 360.7 | P2: 301.4 | Q2: 34114.35 | R2: 6673.244 | S2: 12183.918 | T2: 0.897 | U2: 12184.815 | V2: 177.26 | W2: 50.03 | X2: 12806.14 | Y2: 3821.637 | Z2: 1266.11 | AA2: 是 | AB2: -4466.313 | AC2: 250 | AD2: 0 | AE2: 250 | AF2: 0 | AG2: 0 | AH2: 0 | AI2: 6692 | AJ2: 34027 | AK2: 40719 | AL2: 13331.42 | AM2: 13331.42 | AN2: 0 | AO2: 250 | AP2: 0 | AQ2: 12月29日,直调用电预测最大负荷3981.70万千瓦，最小3108.41万千瓦；外送电最大857.90万千瓦，最小584.55万千瓦；日前现货市场出清节点电价最大272.22元/MWh，最小0.00元/MWh，算术平均68.65元/MWh；日前现货市场火电机组运行126台，运行机组容量44292.00MW；日前调频市场需求最大值4580.50MW，需求最小值为4071.90MW；中标机组最多24台，中标机组最少22台；中标机组调频性能指标平均值为3.96；边际出清价格最大29.99元/MWh，最小13.00元/MWh；火电机组必开102台次、必开容量32631.00MW，必停23台次、必停容量3093.00MW。 | AR2: 12月29日直调用电实际最大负荷3825.44万千瓦，最小2989.70万千瓦；12月29日日外送电实际安排最大857.90万千瓦，最小584.55万千瓦；12月29日实时现货市场出清价格最大272.22元/MWh，最小0.00元/MWh，算术平均81.63元/MWh；实时现货市场有阻塞，卧湖三回断面负载率最高，达到100.00%;湖关三回线断面负载率次高，达到100.00%。 | AS2: 360.55 | AT2: 361 | AU2: 0 | AV2: 250 | AW2: 300.55 | AX2: 301 | AY2: 0 | AZ2: 250
A3: 34202.94 | B3: -6608 | C3: 29955.81 | D3: 12494.65 | E3: 250 | F3: 7185 | G3: 0 | H3: 447.1 | I3: 581.81 | J3: 642.16 | K3: 269.7 | L3: 271.79 | M3: 735.07 | N3: 737.12 | O3: 360.9 | P3: 302.6 | Q3: 34199.04 | R3: 6657.937 | S3: 12141.311 | T3: 0.928 | U3: 12142.239 | V3: 177.51 | W3: 50.033 | X3: 12697.16 | Y3: 4024.523 | Z3: 1277 | AA3: 是 | AB3: -4452.166 | AC3: 250 | AD3: 0 | AE3: 250 | AF3: 240 | AG3: 0 | AH3: 240 | AI3: 6692 | AJ3: 33762.4 | AK3: 40454.4 | AL3: 13337.66 | AM3: 13337.66 | AN3: 0 | AO3: 250 | AP3: 240 | AS3: 361 | AT3: 361 | AU3: 240 | AV3: 250 | AW3: 301 | AX3: 301 | AY3: 240 | AZ3: 250
A4: 34008.42 | B4: -6574.4 | C4: 29968.04 | D4: 12307.14 | E4: 250 | F4: 7185 | G4: 0 | H4: 447.97 | I4: 584.27 | J4: 642.03 | K4: 272.72 | L4: 271.79 | M4: 703.82 | N4: 696.01 | O4: 361.5 | P4: 304.3 | Q4: 34151.25 | R4: 6403.009 | S4: 12136.723 | T4: 1.081 | U4: 12137.804 | V4: 176 | W4: 50.028 | X4: 13006.76 | Y4: 3743.441 | Z4: 1277.66 | AA4: 是 | AB4: -4514.64 | AC4: 250 | AD4: 0 | AE4: 250 | AF4: 250 | AG4: 0 | AH4: 250 | AI4: 6692 | AJ4: 33684 | AK4: 40376 | AL4: 13329.92 | AM4: 13329.92 | AN4: 0 | AO4: 250 | AP4: 250 | AS4: 361 | AT4: 361 | AU4: 250 | AV4: 250 | AW4: 301 | AX4: 301 | AY4: 250 | AZ4: 250
A5: 33689.55 | B5: -6608 | C5: 30132.38 | D5: 12194.75 | E5: 250 | F5: 7197 | G5: 0 | H5: 448.82 | I5: 584.73 | J5: 643.41 | K5: 271.33 | L5: 273.19 | M5: 704.24 | N5: 705.06 | O5: 363 | P5: 303.6 | Q5: 33543.69 | R5: 6673.011 | S5: 12096.301 | T5: 0.931 | U5: 12097.232 | V5: 176.95 | W5: 50.013 | X5: 13442.32 | Y5: 3660.734 | Z5: 1266 | AA5: 是 | AB5: -4497.41 | AC5: 250 | AD5: 0 | AE5: 250 | AF5: 249 | AG5: 0 | AH5: 249 | AI5: 6692 | AJ5: 33607.6 | AK5: 40299.6 | AL5: 13316.76 | AM5: 13316.76 | AN5: 0 | AO5: 250 | AP5: 249 | AS5: 361 | AT5: 361 | AU5: 249 | AV5: 250 | AW5: 301 | AX5: 301 | AY5: 249 | AZ5: 250
A6: 33500.24 | B6: -6511.47 | C6: 30151.55 | D6: 12045.3 | E6: 250 | F6: 7197 | G6: 0 | H6: 448.82 | I6: 585.02 | J6: 646.38 | K6: 271.33 | L6: 273.65 | M6: 704.24 | N6: 705.47 | O6: 362.6 | P6: 304.1 | Q6: 33497.12 | R6: 6555.705 | S6: 12003.343 | T6: 0.863 | U6: 12004.206 | V6: 177.51 | W6: 50.013 | X6: 13638.55 | Y6: 3480.488 | Z6: 1254.57 | AA6: 是 | AB6: -4511.978 | AC6: 250 | AD6: 0 | AE6: 250 | AF6: 250 | AG6: 0 | AH6: 250 | AI6: 6692 | AJ6: 33232.8 | AK6: 39924.8 | AL6: 13323.14 | AM6: 13323.14 | AN6: 0 | AO6: 250 | AP6: 250 | AS6: 361 | AT6: 361 | AU6: 250 | AV6: 250 | AW6: 301 | AX6: 301 | AY6: 250 | AZ6: 250
A7: 33302.93 | B7: -6628 | C7: 29963.04 | D7: 12064.5 | E7: 249 | F7: 7199 | G7: 0 | H7: 411.21 | I7: 584.66 | J7: 638.8 | K7: 271.1 | L7: 272.72 | M7: 700.95 | N7: 700.54 | O7: 359.8 | P7: 300.6 | Q7: 33287.88 | R7: 6776.266 | S7: 12027.315 | T7: 0.879 | U7: 12028.194 | V7: 178.15 | W7: 49.99 | X7: 13639.31 | Y7: 3429.443 | Z7: 1245.74 | AA7: 是 | AB7: -4511.978 | AC7: 249 | AD7: 0 | AE7: 249 | AF7: 171 | AG7: 76.67 | AH7: 247.67 | AI7: 6692 | AJ7: 33109 | AK7: 39801 | AL7: 13341.58 | AM7: 13341.58 | AN7: 0 | AO7: 249 | AP7: 176.6 | AS7: 361 | AT7: 361 | AU7: 247.67 | AV7: 249 | AW7: 301 | AX7: 301 | AY7: 247.67 | AZ7: 249
A8: 33252.81 | B8: -6628 | C8: 29887.11 | D8: 12086.59 | E8: 249 | F8: 7199 | G8: 0 | H8: 393.26 | I8: 584.39 | J8: 635.69 | K8: 272.26 | L8: 273.65 | M8: 700.12 | N8: 700.54 | O8: 361.8 | P8: 304.3 | Q8: 32959.48 | R8: 6773.553 | S8: 12158.98 | T8: 0.893 | U8: 12159.874 | V8: 178.26 | W8: 49.975 | X8: 14012.12 | Y8: 3092.652 | Z8: 1254.41 | AA8: 是 | AB8: -4506.515 | AC8: 249 | AD8: 0 | AE8: 249 | AF8: 200 | AG8: 44.45 | AH8: 244.45 | AI8: 6692 | AJ8: 32761.2 | AK8: 39453.2 | AL8: 13377.67 | AM8: 13377.67 | AN8: 0 | AO8: 249 | AP8: 203.23 | AS8: 361 | AT8: 361 | AU8: 244.45 | AV8: 249 | AW8: 301 | AX8: 301 | AY8: 244.45 | AZ8: 249
A9: 33039.65 | B9: -6628 | C9: 29738.04 | D9: 12021.79 | E9: 249 | F9: 7197 | G9: 0 | H9: 360.81 | I9: 584.27 | J9: 636.89 | K9: 271.33 | L9: 272.72 | M9: 698.89 | N9: 700.95 | O9: 362.2 | P9: 304 | Q9: 32884.05 | R9: 6687.864 | S9: 12126.34 | T9: 0.884 | U9: 12127.224 | V9: 177.81 | W9: 49.968 | X9: 13542.59 | Y9: 2928.578 | Z9: 1248.54 | AA9: 是 | AB9: -4527.946 | AC9: 249 | AD9: 0 | AE9: 249 | AF9: 231 | AG9: 10 | AH9: 241 | AI9: 6692 | AJ9: 32738 | AK9: 39430 | AL9: 13424.14 | AM9: 13424.14 | AN9: 0 | AO9: 249 | AP9: 231.73 | AS9: 361 | AT9: 361 | AU9: 241 | AV9: 249 | AW9: 301 | AX9: 301 | AY9: 241 | AZ9: 249
A10: 32725.13 | B10: -6608 | C10: 29365.92 | D10: 12056.52 | E10: 249 | F10: 7200 | G10: 0 | H10: 279.62 | I10: 580.28 | J10: 636.56 | K10: 270.86 | L10: 272.26 | M10: 700.12 | N10: 700.95 | O10: 359.1 | P10: 302 | Q10: 32895.91 | R10: 6467.971 | S10: 12259.468 | T10: 0.89 | U10: 12260.358 | V10: -134.04 | W10: 50.031 | X10: 13585.05 | Y10: 3156.58 | Z10: 1247.45 | AA10: 是 | AB10: -4522.343 | AC10: 249 | AD10: 0 | AE10: 249 | AF10: 249 | AG10: 0 | AH10: 249 | AI10: 6692 | AJ10: 32740.7 | AK10: 39432.7 | AL10: 13508.65 | AM10: 13508.65 | AN10: 0 | AO10: 249 | AP10: 249 | AS10: 361 | AT10: 361 | AU10: 249 | AV10: 249 | AW10: 301 | AX10: 301 | AY10: 249 | AZ10: 249
A11: 32746.98 | B11: -6610.15 | C11: 30177.94 | D11: 12152.92 | E11: 260 | F11: 7200 | G11: 0 | H11: 398.39 | I11: 579.47 | J11: 635.33 | K11: 340.64 | L11: 340.64 | M11: 745.35 | N11: 754.39 | O11: 369.1 | P11: 310.2 | Q11: 32970.09 | R11: 6638.375 | S11: 12506.24 | T11: 0.882 | U11: 12507.122 | V11: -731.34 | W11: 49.966 | X11: 12996.53 | Y11: 3736.055 | Z11: 1243.95 | AA11: 是 | AB11: -4274.689 | AC11: 260 | AD11: 0 | AE11: 260 | AF11: 240 | AG11: 0 | AH11: 240 | AI11: 6692 | AJ11: 32634.5 | AK11: 39326.5 | AL11: 13620.61 | AM11: 13620.61 | AN11: 0 | AO11: 260 | AP11: 240 | AS11: 361 | AT11: 363.14 | AU11: 240 | AV11: 260 | AW11: 301 | AX11: 304.24 | AY11: 240 | AZ11: 260
A12: 32582.62 | B12: -6610.15 | C12: 30331.6 | D12: 12247.72 | E12: 255 | F12: 7200 | G12: 0 | H12: 450.54 | I12: 580.09 | J12: 649.92 | K12: 290.63 | L12: 296.22 | M12: 749.87 | N12: 748.64 | O12: 363.4 | P12: 305 | Q12: 32919.52 | R12: 6545.756 | S12: 12694.703 | T12: 0.88 | U12: 12695.584 | V12: -1029.59 | W12: 49.983 | X12: 12331.53 | Y12: 3799.574 | Z12: 1247.25 | AA12: 是 | AB12: -4480.181 | AC12: 255 | AD12: 0 | AE12: 255 | AF12: 249 | AG12: 0 | AH12: 249 | AI12: 6692 | AJ12: 32442 | AK12: 39134 | AL12: 13736.91 | AM12: 13736.91 | AN12: 0 | AO12: 255 | AP12: 249 | AS12: 361 | AT12: 361 | AU12: 249 | AV12: 255 | AW12: 301 | AX12: 301 | AY12: 249 | AZ12: 255
A13: 32614.91 | B13: -6610.15 | C13: 30413.62 | D13: 12383.2 | E13: 255 | F13: 7200 | G13: 0 | H13: 447.1 | I13: 584.23 | J13: 646.95 | K13: 278.54 | L13: 279.7 | M13: 749.46 | N13: 748.64 | O13: 362.6 | P13: 303.9 | Q13: 32620.53 | R13: 6662.87 | S13: 12997.188 | T13: 0.878 | U13: 12998.066 | V13: -1023.39 | W13: 49.967 | X13: 12810.16 | Y13: 3332.342 | Z13: 1273.87 | AA13: 是 | AB13: -4500.071 | AC13: 255 | AD13: 0 | AE13: 255 | AF13: 249 | AG13: 0 | AH13: 249 | AI13: 6692 | AJ13: 32313.7 | AK13: 39005.7 | AL13: 13861.1 | AM13: 13861.1 | AN13: 0 | AO13: 255 | AP13: 249 | AS13: 361 | AT13: 361 | AU13: 249 | AV13: 255 | AW13: 301 | AX13: 301 | AY13: 249 | AZ13: 255
A14: 32814.57 | B14: -6628 | C14: 30744.21 | D14: 12481.81 | E14: 260 | F14: 7200 | G14: 0 | H14: 448.82 | I14: 584.47 | J14: 646.53 | K14: 346.69 | L14: 341.57 | M14: 762.61 | N14: 763.44 | O14: 394.6 | P14: 352.8 | Q14: 32500.64 | R14: 6797.055 | S14: 13413.987 | T14: 0.88 | U14: 13414.867 | V14: -1021.04 | W14: 49.997 | X14: 13558.35 | Y14: 3136.326 | Z14: 1297.75 | AA14: 是 | AB14: -4257.601 | AC14: 260 | AD14: 0 | AE14: 260 | AF14: 200 | AG14: 44.45 | AH14: 244.45 | AI14: 6692 | AJ14: 32251.8 | AK14: 38943.8 | AL14: 14038.33 | AM14: 14038.33 | AN14: 0 | AO14: 260 | AP14: 203.29 | AS14: 361 | AT14: 393.81 | AU14: 244.45 | AV14: 260 | AW14: 301 | AX14: 352.35 | AY14: 244.45 | AZ14: 260
... A97: 32432.55 | B97: -6775.55 | C97: 26737.63 | D97: 14501.87 | E97: 19.13 | F97: 7197 | G97: 0 | H97: 200.15 | I97: 282.29 | J97: 302.71 | K97: 271.33 | L97: 272.49 | M97: 636.4 | N97: 634.76 | O97: 356.5 | P97: 306.2 | Q97: 32364.84 | R97: 6765.648 | S97: 16894.418 | T97: 0.979 | U97: 16895.398 | V97: -1145.99 | W97: 50.006 | X97: 16965.63 | Y97: 1041.859 | Z97: 1188.03 | AA97: 是 | AB97: -4804.036 | AC97: 0 | AD97: 266.67 | AE97: 266.67 | AF97: 0 | AG97: 266.67 | AH97: 266.67 | AI97: 6594 | AJ97: 33437.9 | AK97: 40031.9 | AL97: 17804.14 | AM97: 17804.14 | AN97: 0 | AO97: 19.13 | AP97: 18.22 | AS97: 361 | AT97: 361 | AU97: 266.67 | AV97: 266.67 | AW97: 301 | AX97: 301 | AY97: 266.67 | AZ97: 266.67

Sheet 2024年12月28日
A1: 用电负荷(MW) | B1: 外送计划(MW) | C1: 火电总计划(MW) | D1: 新能源总计划(MW) | E1: 用户侧价格(元/MWh) | F1: 特高压雁淮直流外送-电力(MW) | G1: 塔山3# | H1: 塔山4# | I1: 王家岭电厂1#机 | J1: 王家岭电厂2#机 | K1: 神泉1# | L1: 神泉2# | M1: 神泉二期3号机 | N1: 神泉二期4号机 | O1: 紫荆电厂01# | P1: 紫荆电厂02# | Q1: 系统负荷实际值(MW) | R1: 外送实际值(MW) | S1: 风电实际值(MW) | T1: 光伏实际值(MW) | U1: 风光总加实际值(MW) | V1: 水电实际值(MW) | W1: 频率实际值(MW) | X1: 实际上旋备用(MW) | Y1: 实际下旋备用(MW) | Z1: 非市场化机组实际出力(MW) | AA1: 是否越限 | AB1: 湖关三-潮流(MW) | AC1: 实时节点边际电价-电能量价格(元/MWh) | AD1: 实时节点边际电价-阻塞价格(元/MWh) | AE1: 实时节点边际电价-节点电价(元/MWh) | AF1: 日前节点边际电价-电能量价格(元/MWh) | AG1: 日前节点边际电价-阻塞价格(元/MWh) | AH1: 日前节点边际电价-节点电价(元/MWh) | AI1: 日前联络线电力值(MW) | AJ1: 省内负荷预测电力值(MW) | AK1: 总加电力值(MW) | AL1: 电力值(MW) | AM1: 风电(MW) | AN1: 光伏(MW) | AO1: 实时出清价格(元/MWh) | AP1: 日前出清价格(元/MWh) | AQ1: 日前-出清概况 | AR1: 实时-出清概况 | AS1: 1#日前结果(MW) | AT1: 1#实时结果(MW) | AU1: 1#日前价格(元/MWh) | AV1: 1#实时价格(元/MWh) | AW1: 2#日前结果(MW) | AX1: 2#实时结果(MW) | AY1: 2#日前价格(元/MWh) | AZ1: 2#实时价格(元/MWh)
A2: 34064.23 | B2: -7878.73 | C2: 26890.26 | D2: 15253.8 | E2: 18.23 | F2: 7199 | G2: 0 | H2: 196.74 | I2: 301.03 | J2: 300.04 | K2: 271.1 | L2: 272.26 | M2: 638.05 | N2: 637.22 | O2: 360.4 | P2: 304.8 | Q2: 34248.14 | R2: 8038.111 | S2: 16826.362 | T2: -0.025 | U2: 16826.337 | V2: 253.65 | W2: 49.99 | X2: 15196.99 | Y2: 2282.629 | Z2: 1141.82 | AA2: 是 | AB2: -4775.18 | AC2: 0 | AD2: 266.67 | AE2: 266.67 | AF2: 100 | AG2: 155.56 | AH2: 255.56 | AI2: 6692 | AJ2: 34807.2 | AK2: 41499.2 | AL2: 17376.35 | AM2: 17376.35 | AN2: 0 | AO2: 18.23 | AP2: 110.43 | AQ2: 12月28日,直调用电预测最大负荷4080.09万千瓦，最小3212.23万千瓦；外送电最大898.60万千瓦，最小585.75万千瓦；日前现货市场出清节点电价最大368.00元/MWh，最小0.00元/MWh，算术平均148.08元/MWh；日前现货市场火电机组运行127台，运行机组容量44892.00MW；日前调频市场需求最大值4678.89MW，需求最小值为4166.59MW；中标机组最多26台，中标机组最少23台；中标机组调频性能指标平均值为4.15；边际出清价格最大29.98元/MWh，最小13.99元/MWh；火电机组必开102台次、必开容量32631.00MW，必停23台次、必停容量3093.00MW。 | AR2: 12月28日直调用电实际最大负荷3905.31万千瓦，最小2915.28万千瓦；12月28日日外送电实际安排最大898.60万千瓦，最小585.75万千瓦；12月28日实时现货市场出清价格最大336.00元/MWh，最小0.00元/MWh，算术平均114.15元/MWh；实时现货市场有阻塞，卧湖三回断面负载率最高，达到100.00%;湖关三回线断面负载率次高，达到100.00%。 | AS2: 361 | AT2: 361 | AU2: 255.56 | AV2: 266.67 | AW2: 301 | AX2: 301 | AY2: 255.56 | AZ2: 266.67
A3: 34228.77 | B3: -7945.66 | C3: 27020.65 | D3: 16495.26 | E3: 17.99 | F3: 7199 | G3: 0 | H3: 195.02 | I3: 301.8 | J3: 298.4 | K3: 271.79 | L3: 272.26 | M3: 637.64 | N3: 637.22 | O3: 364 | P3: 304.5 | Q3: 34274.69 | R3: 7885.751 | S3: 16504.254 | T3: -0.037 | U3: 16504.217 | V3: 254.15 | W3: 50.022 | X3: 15037.59 | Y3: 2353.488 | Z3: 1131.85 | AA3: 是 | AB3: -4766.495 | AC3: 0 | AD3: 266.67 | AE3: 266.67 | AF3: 0 | AG3: 266.67 | AH3: 266.67 | AI3: 6692 | AJ3: 34973.9 | AK3: 41665.9 | AL3: 17339.28 | AM3: 17339.28 | AN3: 0 | AO3: 17.99 | AP3: 17.93 | AS3: 361 | AT3: 361 | AU3: 266.67 | AV3: 266.67 | AW3: 301 | AX3: 301 | AY3: 266.67 | AZ3: 266.67
A4: 34049.72 | B4: -7811.98 | C4: 27142.88 | D4: 16007.6 | E4: 18.07 | F4: 7199 | G4: 0 | H4: 195.89 | I4: 300.94 | J4: 301.77 | K4: 272.49 | L4: 271.79 | M4: 638.05 | N4: 637.64 | O4: 362.4 | P4: 305.5 | Q4: 34165.88 | R4: 7791.876 | S4: 16351.664 | T4: -0.011 | U4: 16351.653 | V4: 298.2 | W4: 50.016 | X4: 15059.46 | Y4: 2285.391 | Z4: 1306.81 | AA4: 是 | AB4: -4776.721 | AC4: 0 | AD4: 266.67 | AE4: 266.67 | AF4: 0 | AG4: 266.67 | AH4: 266.67 | AI4: 6692 | AJ4: 34441.5 | AK4: 41133.5 | AL4: 17287.1 | AM4: 17287.1 | AN4: 0 | AO4: 18.07 | AP4: 18.04 | AS4: 361 | AT4: 361 | AU4: 266.67 | AV4: 266.67 | AW4: 301 | AX4: 301 | AY4: 266.67 | AZ4: 266.67
A5: 33793.49 | B5: -7816.68 | C5: 27238.21 | D5: 15773.91 | E5: 18.1 | F5: 7199 | G5: 0 | H5: 196.74 | I5: 301.39 | J5: 300.21 | K5: 272.26 | L5: 273.19 | M5: 638.05 | N5: 638.05 | O5: 363.7 | P5: 305.1 | Q5: 33607.95 | R5: 7947.314 | S5: 16293.353 | T5: -0.101 | U5: 16293.252 | V5: 296.05 | W5: 49.991 | X5: 15584.26 | Y5: 1757.918 | Z5: 1288.88 | AA5: 是 | AB5: -4763.414 | AC5: 0 | AD5: 266.67 | AE5: 266.67 | AF5: 240 | AG5: 0 | AH5: 240 | AI5: 6692 | AJ5: 34422.7 | AK5: 41114.7 | AL5: 17238.97 | AM5: 17238.97 | AN5: 0 | AO5: 18.1 | AP5: 240 | AS5: 361 | AT5: 361 | AU5: 240 | AV5: 266.67 | AW5: 301 | AX5: 301 | AY5: 240 | AZ5: 266.67
A6: 33486.27 | B6: -7828.26 | C6: 27230.59 | D6: 15436.57 | E6: 18.19 | F6: 7199 | G6: 0 | H6: 196.74 | I6: 301.2 | J6: 299.6 | K6: 271.1 | L6: 272.26 | M6: 637.22 | N6: 637.22 | O6: 362.5 | P6: 304.4 | Q6: 33405.96 | R6: 7809.719 | S6: 16163.827 | T6: -0.123 | U6: 16163.704 | V6: 296.7 | W6: 50.027 | X6: 15791.93 | Y6: 1586.113 | Z6: 1330.64 | AA6: 是 | AB6: -4755.009 | AC6: 0 | AD6: 266.67 | AE6: 266.67 | AF6: 0 | AG6: 266.67 | AH6: 266.67 | AI6: 6692 | AJ6: 34253.7 | AK6: 40945.7 | AL6: 17211.09 | AM6: 17211.09 | AN6: 0 | AO6: 18.19 | AP6: 18.12 | AS6: 361 | AT6: 361 | AU6: 266.67 | AV6: 266.67 | AW6: 301 | AX6: 301 | AY6: 266.67 | AZ6: 266.67
A7: 33066.63 | B7: -7515.98 | C7: 27199.75 | D7: 14703.38 | E7: 18.38 | F7: 7199 | G7: 0 | H7: 195.89 | I7: 301.26 | J7: 299.23 | K7: 271.33 | L7: 272.26 | M7: 637.64 | N7: 637.22 | O7: 364 | P7: 305.9 | Q7: 33085.11 | R7: 7656.835 | S7: 16308.523 | T7: -0.092 | U7: 16308.431 | V7: 298 | W7: 49.969 | X7: 16365.43 | Y7: 1119.633 | Z7: 1331.92 | AA7: 是 | AB7: -4735.398 | AC7: 0 | AD7: 266.67 | AE7: 266.67 | AF7: 0 | AG7: 266.67 | AH7: 266.67 | AI7: 6692 | AJ7: 33968.1 | AK7: 40660.1 | AL7: 17173.97 | AM7: 17173.97 | AN7: 0 | AO7: 18.38 | AP7: 18.11 | AS7: 361 | AT7: 361 | AU7: 266.67 | AV7: 266.67 | AW7: 301 | AX7: 301 | AY7: 266.67 | AZ7: 266.67
A8: 33073.48 | B8: -7473.89 | C8: 27310.15 | D8: 14657.04 | E8: 18.43 | F8: 7197 | G8: 0 | H8: 195.02 | I8: 301.34 | J8: 299.11 | K8: 272.26 | L8: 273.19 | M8: 637.64 | N8: 637.64 | O8: 358.3 | P8: 304.9 | Q8: 33244.4 | R8: 7399.964 | S8: 16204.022 | T8: -0.073 | U8: 16203.95 | V8: 297.5 | W8: 49.986 | X8: 16357.21 | Y8: 1214.23 | Z8: 1345.22 | AA8: 是 | AB8: -4773.219 | AC8: 0 | AD8: 266.67 | AE8: 266.67 | AF8: 0 | AG8: 266.67 | AH8: 266.67 | AI8: 6692 | AJ8: 34110 | AK8: 40802 | AL8: 17142.58 | AM8: 17142.58 | AN8: 0 | AO8: 18.43 | AP8: 18.03 | AS8: 361 | AT8: 361 | AU8: 266.67 | AV8: 266.67 | AW8: 301 | AX8: 301 | AY8: 266.67 | AZ8: 266.67
A9: 32929.25 | B9: -7460.34 | C9: 27348.07 | D9: 14709.9 | E9: 18.56 | F9: 7199 | G9: 0 | H9: 195.02 | I9: 301.13 | J9: 299.88 | K9: 271.1 | L9: 272.49 | M9: 637.22 | N9: 637.22 | O9: 356.7 | P9: 303.3 | Q9: 32904.58 | R9: 7639.481 | S9: 16203.24 | T9: -0.083 | U9: 16203.157 | V9: 297.35 | W9: 50.034 | X9: 16551.21 | Y9: 1080.059 | Z9: 1352.39 | AA9: 是 | AB9: -4782.604 | AC9: 0 | AD9: 266.67 | AE9: 266.67 | AF9: 0 | AG9: 266.67 | AH9: 266.67 | AI9: 6692 | AJ9: 33680.5 | AK9: 40372.5 | AL9: 17109.54 | AM9: 17109.54 | AN9: 0 | AO9: 18.56 | AP9: 18.28 | AS9: 361 | AT9: 361 | AU9: 266.67 | AV9: 266.67 | AW9: 301 | AX9: 301 | AY9: 266.67 | AZ9: 266.67
A10: 32911.8 | B10: -7463.74 | C10: 27505.17 | D10: 14725.69 | E10: 18.59 | F10: 7199 | G10: 0 | H10: 194.17 | I10: 301.06 | J10: 300.03 | K10: 271.33 | L10: 272.49 | M10: 637.22 | N10: 638.05 | O10: 357.3 | P10: 302.8 | Q10: 32840.99 | R10: 7390.044 | S10: 16181.046 | T10: -0.013 | U10: 16181.033 | V10: -314.3 | W10: 50.031 | X10: 16325.89 | Y10: 1245.566 | Z10: 1344.53 | AA10: 是 | AB10: -4746.185 | AC10: 0 | AD10: 266.67 | AE10: 266.67 | AF10: 0 | AG10: 266.67 | AH10: 266.67 | AI10: 6692 | AJ10: 33676.2 | AK10: 40368.2 | AL10: 17077.58 | AM10: 17077.58 | AN10: 0 | AO10: 18.59 | AP10: 18.39 | AS10: 361 | AT10: 361 | AU10: 266.67 | AV10: 266.67 | AW10: 301 | AX10: 301 | AY10: 266.67 | AZ10: 266.67
A11: 32723.73 | B11: -7440.65 | C11: 27538.72 | D11: 14511.82 | E11: 18.62 | F11: 7199 | G11: 0 | H11: 195.02 | I11: 301.28 | J11: 300.89 | K11: 272.26 | L11: 272.49 | M11: 637.64 | N11: 637.64 | O11: 360.5 | P11: 304.2 | Q11: 32883.33 | R11: 7549.896 | S11: 16117.167 | T11: 0.002 | U11: 16117.169 | V11: -313 | W11: 49.965 | X11: 16034.36 | Y11: 1477.398 | Z11: 1347.27 | AA11: 是 | AB11: -4741.562 | AC11: 0 | AD11: 266.67 | AE11: 266.67 | AF11: 250 | AG11: 0 | AH11: 250 | AI11: 6692 | AJ11: 33603 | AK11: 40295 | AL11: 17051.37 | AM11: 17051.37 | AN11: 0 | AO11: 18.62 | AP11: 250 | AS11: 361 | AT11: 361 | AU11: 250 | AV11: 266.67 | AW11: 301 | AX11: 301 | AY11: 250 | AZ11: 266.67
A12: 32614 | B12: -7412.37 | C12: 27539.42 | D12: 15000.02 | E12: 18.87 | F12: 7199 | G12: 0 | H12: 194.17 | I12: 301.23 | J12: 300.06 | K12: 271.33 | L12: 272.72 | M12: 638.05 | N12: 637.64 | O12: 360.3 | P12: 305.2 | Q12: 32746.44 | R12: 7204.006 | S12: 15917.513 | T12: -0.035 | U12: 15917.478 | V12: -919.65 | W12: 50.034 | X12: 15835.83 | Y12: 1469.168 | Z12: 1340.34 | AA12: 是 | AB12: -4701.92 | AC12: 0 | AD12: 266.67 | AE12: 266.67 | AF12: 240 | AG12: 0 | AH12: 240 | AI12: 6692 | AJ12: 33469.7 | AK12: 40161.7 | AL12: 17031.67 | AM12: 17031.67 | AN12: 0 | AO12: 18.87 | AP12: 240 | AS12: 361 | AT12: 361 | AU12: 240 | AV12: 266.67 | AW12: 301 | AX12: 301 | AY12: 240 | AZ12: 266.67
A13: 32648.31 | B13: -7409.55 | C13: 27947.13 | D13: 15007.42 | E13: 18.84 | F13: 7199 | G13: 0 | H13: 195.02 | I13: 301.08 | J13: 300.27 | K13: 271.1 | L13: 273.65 | M13: 637.64 | N13: 637.64 | O13: 358.6 | P13: 306.2 | Q13: 32642.91 | R13: 7436.68 | S13: 15870.652 | T13: -0.012 | U13: 15870.64 | V13: -921.5 | W13: 50.029 | X13: 15651.05 | Y13: 1625.844 | Z13: 1355.15 | AA13: 是 | AB13: -4676.287 | AC13: 0 | AD13: 266.67 | AE13: 266.67 | AF13: 250 | AG13: 0 | AH13: 250 | AI13: 6692 | AJ13: 33399.1 | AK13: 40091.1 | AL13: 17015.83 | AM13: 17015.83 | AN13: 0 | AO13: 18.84 | AP13: 250 | AS13: 361 | AT13: 361 | AU13: 250 | AV13: 266.67 | AW13: 301 | AX13: 301 | AY13: 250 | AZ13: 266.67
A14: 32586.93 | B14: -7399.03 | C14: 27503.83 | D14: 15543.07 | E14: 19.08 | F14: 7199 | G14: 0 | H14: 195.02 | I14: 301.05 | J14: 300.54 | K14: 271.1 | L14: 272.26 | M14: 637.64 | N14: 637.22 | O14: 362.4 | P14: 300.4 | Q14: 32544.32 | R14: 7549.4 | S14: 15760.008 | T14: 0.019 | U14: 15760.026 | V14: -906.19 | W14: 49.968 | X14: 15537.74 | Y14: 1740.898 | Z14: 1353.68 | AA14: 是 | AB14: -4670.264 | AC14: 0 | AD14: 266.67 | AE14: 266.67 | AF14: 250 | AG14: 0 | AH14: 250 | AI14: 6692 | AJ14: 33404.9 | AK14: 40096.9 | AL14: 16998.26 | AM14: 16998.26 | AN14: 0 | AO14: 19.08 | AP14: 250 | AS14: 361 | AT14: 361 | AU14: 250 | AV14: 266.67 | AW14: 301 | AX14: 301 | AY14: 250 | AZ14: 266.67
... A97: 33649.35 | B97: -6363.38 | C97: 29008.1 | D97: 12814.59 | E97: 258 | F97: 7199 | G97: 0 | H97: 247.16 | I97: 499.95 | J97: 556.33 | K97: 340.41 | L97: 340.41 | M97: 746.99 | N97: 749.46 | O97: 356.3 | P97: 298.7 | Q97: 33620.7 | R97: 6349.743 | S97: 12271.47 | T97: 0.843 | U97: 12272.313 | V97: 176.26 | W97: 50.037 | X97: 14070.05 | Y97: 2999.965 | Z97: 1255.37 | AA97: 是 | AB97: -4330.58 | AC97: 258 | AD97: 0 | AE97: 258 | AF97: 260 | AG97: 0 | AH97: 260 | AI97: 6594 | AJ97: 34553.4 | AK97: 41147.4 | AL97: 13326.84 | AM97: 13326.84 | AN97: 0 | AO97: 258 | AP97: 260 | AS97: 361 | AT97: 361 | AU97: 260 | AV97: 258 | AW97: 301 | AX97: 301 | AY97: 260 | AZ97: 258

Sheet 2024年12月27日
A1: 用电负荷(MW) | B1: 外送计划(MW) | C1: 火电总计划(MW) | D1: 新能源总计划(MW) | E1: 用户侧价格(元/MWh) | F1: 特高压雁淮直流外送-电力(MW) | G1: 塔山3# | H1: 塔山4# | I1: 王家岭电厂1#机 | J1: 王家岭电厂2#机 | K1: 神泉1# | L1: 神泉2# | M1: 神泉二期3号机 | N1: 神泉二期4号机 | O1: 紫荆电厂01# | P1: 紫荆电厂02# | Q1: 系统负荷实际值(MW) | R1: 外送实际值(MW) | S1: 风电实际值(MW) | T1: 光伏实际值(MW) | U1: 风光总加实际值(MW) | V1: 水电实际值(MW) | W1: 频率实际值(MW) | X1: 实际上旋备用(MW) | Y1: 实际下旋备用(MW) | Z1: 非市场化机组实际出力(MW) | AA1: 是否越限 | AB1: 湖关三-潮流(MW) | AC1: 实时节点边际电价-电能量价格(元/MWh) | AD1: 实时节点边际电价-阻塞价格(元/MWh) | AE1: 实时节点边际电价-节点电价(元/MWh) | AF1: 日前节点边际电价-电能量价格(元/MWh) | AG1: 日前节点边际电价-阻塞价格(元/MWh) | AH1: 日前节点边际电价-节点电价(元/MWh) | AI1: 日前联络线电力值(MW) | AJ1: 省内负荷预测电力值(MW) | AK1: 总加电力值(MW) | AL1: 电力值(MW) | AM1: 风电(MW) | AN1: 光伏(MW) | AO1: 实时出清价格(元/MWh) | AP1: 日前出清价格(元/MWh) | AQ1: 日前-出清概况 | AR1: 实时-出清概况 | AS1: 1#日前结果(MW) | AT1: 1#实时结果(MW) | AU1: 1#日前价格(元/MWh) | AV1: 1#实时价格(元/MWh) | AW1: 2#日前结果(MW) | AX1: 2#实时结果(MW) | AY1: 2#日前价格(元/MWh) | AZ1: 2#实时价格(元/MWh)
A2: 33569.4 | B2: -6923.28 | C2: 29045.1 | D2: 12907.81 | E2: 250 | F2: 7199 | G2: 0 | H2: 200.15 | I2: 422.13 | J2: 496.61 | K2: 371.58 | L2: 372.28 | M2: 763.44 | N2: 763.85 | O2: 359 | P2: 305.7 | Q2: 33629.22 | R2: 6777.863 | S2: 13698.675 | T2: 1.079 | U2: 13699.754 | V2: 66.3 | W2: 49.985 | X2: 14273.03 | Y2: 3557.855 | Z2: 1121.02 | AA2: 是 | AB2: -4359.996 | AC2: 250 | AD2: 0 | AE2: 250 | AF2: 249 | AG2: 0 | AH2: 249 | AI2: 6692 | AJ2: 34600 | AK2: 41292 | AL2: 15905.29 | AM2: 15905.29 | AN2: 0 | AO2: 250 | AP2: 249 | AQ2: 12月27日,直调用电预测最大负荷4044.70万千瓦，最小3152.68万千瓦；外送电最大898.50万千瓦，最小585.75万千瓦；日前现货市场出清节点电价最大270.00元/MWh，最小0.00元/MWh，算术平均88.74元/MWh；日前现货市场火电机组运行126台，运行机组容量44542.00MW；日前调频市场需求最大值4643.50MW，需求最小值为4180.60MW；中标机组最多25台，中标机组最少22台；中标机组调频性能指标平均值为4.43；边际出清价格最大21.50元/MWh，最小14.01元/MWh；火电机组必开96台次、必开容量30091.00MW，必停23台次、必停容量3093.00MW。 | AR2: 12月27日直调用电实际最大负荷3888.24万千瓦，最小2940.72万千瓦；12月27日日外送电实际安排最大898.50万千瓦，最小585.75万千瓦；12月27日实时现货市场出清价格最大268.00元/MWh，最小0.00元/MWh，算术平均40.87元/MWh；实时现货市场有阻塞，铺吉双断面负载率最高，达到100.00%;湖关三回线断面负载率次高，达到100.00%。 | AS2: 361 | AT2: 361 | AU2: 249 | AV2: 250 | AW2: 301 | AX2: 301 | AY2: 249 | AZ2: 250
A3: 33515.97 | B3: -7107.28 | C3: 27782.3 | D3: 13258.51 | E3: 65.06 | F3: 7199 | G3: 0 | H3: 194.17 | I3: 345.82 | J3: 394.52 | K3: 302.5 | L3: 304.36 | M3: 688.61 | N3: 688.61 | O3: 358.7 | P3: 304.7 | Q3: 33575.34 | R3: 7121.826 | S3: 14005.654 | T3: 1.229 | U3: 14006.883 | V3: 64.65 | W3: 50.019 | X3: 14290.08 | Y3: 3566.062 | Z3: 1120.68 | AA3: 是 | AB3: -4637.206 | AC3: 50 | AD3: 211.11 | AE3: 261.11 | AF3: 50 | AG3: 211.11 | AH3: 261.11 | AI3: 6692 | AJ3: 34587 | AK3: 41279 | AL3: 16043.05 | AM3: 16043.05 | AN3: 0 | AO3: 65.06 | AP3: 64.42 | AS3: 361 | AT3: 361 | AU3: 261.11 | AV3: 261.11 | AW3: 301 | AX3: 301 | AY3: 261.11 | AZ3: 261.11
A4: 33418.64 | B4: -7083.92 | C4: 27546.85 | D4: 13706.56 | E4: 157 | F4: 7199 | G4: 0 | H4: 195.02 | I4: 302.33 | J4: 330.12 | K4: 273.65 | L4: 273.19 | M4: 634.76 | N4: 637.64 | O4: 360 | P4: 297.5 | Q4: 33205.96 | R4: 7312.708 | S4: 14292.957 | T4: 1.092 | U4: 14294.049 | V4: 66.89 | W4: 49.967 | X4: 14754.34 | Y4: 3090.324 | Z4: 1117.88 | AA4: 是 | AB4: -4814.821 | AC4: 149.9 | AD4: 100.11 | AE4: 250.01 | AF4: 100 | AG4: 155.56 | AH4: 255.56 | AI4: 6692 | AJ4: 34321 | AK4: 41013 | AL4: 16145.91 | AM4: 16145.91 | AN4: 0 | AO4: 157 | AP4: 110.61 | AS4: 361 | AT4: 361 | AU4: 255.56 | AV4: 250.01 | AW4: 301 | AX4: 301 | AY4: 255.56 | AZ4: 250.01
A5: 33217.93 | B5: -7135.31 | C5: 27445.38 | D5: 14037.4 | E5: 110.99 | F5: 7199 | G5: 0 | H5: 194.17 | I5: 302.27 | J5: 332.16 | K5: 273.19 | L5: 273.19 | M5: 635.58 | N5: 635.58 | O5: 358.8 | P5: 304.4 | Q5: 32965.51 | R5: 7169.473 | S5: 14620.631 | T5: 1.109 | U5: 14621.74 | V5: 67.49 | W5: 50.004 | X5: 15459.98 | Y5: 2386.188 | Z5: 1118.52 | AA5: 是 | AB5: -4817.062 | AC5: 100 | AD5: 155.56 | AE5: 255.56 | AF5: 0.1 | AG5: 266.56 | AH5: 266.66 | AI5: 6692 | AJ5: 34081 | AK5: 40773 | AL5: 16253.97 | AM5: 16253.97 | AN5: 0 | AO5: 110.99 | AP5: 18.35 | AS5: 361 | AT5: 361 | AU5: 266.66 | AV5: 255.56 | AW5: 301 | AX5: 301 | AY5: 266.66 | AZ5: 255.56
A6: 32824.88 | B6: -7177.49 | C6: 26995.87 | D6: 14206.32 | E6: 19.02 | F6: 7199 | G6: 0 | H6: 195.89 | I6: 300.73 | J6: 331.49 | K6: 273.19 | L6: 271.79 | M6: 636.4 | N6: 635.99 | O6: 364.2 | P6: 304.8 | Q6: 32836.35 | R6: 7218.658 | S6: 15140.839 | T6: 1.191 | U6: 15142.029 | V6: 66.85 | W6: 50.033 | X6: 16068.79 | Y6: 1996.621 | Z6: 1128.73 | AA6: 是 | AB6: -4811.88 | AC6: 0 | AD6: 266.67 | AE6: 266.67 | AF6: 0 | AG6: 266.67 | AH6: 266.67 | AI6: 6692 | AJ6: 33908 | AK6: 40600 | AL6: 16356.22 | AM6: 16356.22 | AN6: 0 | AO6: 19.02 | AP6: 18.35 | AS6: 361 | AT6: 361 | AU6: 266.67 | AV6: 266.67 | AW6: 301 | AX6: 301 | AY6: 266.67 | AZ6: 266.67
A7: 32599.85 | B7: -7188.57 | C7: 26778.95 | D7: 14208.66 | E7: 19.06 | F7: 7199 | G7: 0 | H7: 195.89 | I7: 298.71 | J7: 329.19 | K7: 273.19 | L7: 272.72 | M7: 635.99 | N7: 636.4 | O7: 363.6 | P7: 303.6 | Q7: 32722.61 | R7: 7210.028 | S7: 15361.383 | T7: 1.149 | U7: 15362.533 | V7: 67.1 | W7: 50.033 | X7: 16413.17 | Y7: 1888.773 | Z7: 1124.41 | AA7: 是 | AB7: -4818.323 | AC7: 0 | AD7: 266.67 | AE7: 266.67 | AF7: 0 | AG7: 266.67 | AH7: 266.67 | AI7: 6692 | AJ7: 33786 | AK7: 40478 | AL7: 16448.62 | AM7: 16448.62 | AN7: 0 | AO7: 19.06 | AP7: 18.41 | AS7: 361 | AT7: 361 | AU7: 266.67 | AV7: 266.67 | AW7: 301 | AX7: 301 | AY7: 266.67 | AZ7: 266.67
A8: 32607.71 | B8: -7190.95 | C8: 26768.42 | D8: 14071.1 | E8: 19.01 | F8: 7199 | G8: 0 | H8: 195.02 | I8: 300.26 | J8: 329.69 | K8: 272.72 | L8: 272.72 | M8: 637.22 | N8: 635.58 | O8: 366.8 | P8: 304.2 | Q8: 32397.52 | R8: 7221.461 | S8: 15587.645 | T8: 1.12 | U8: 15588.765 | V8: 170.8 | W8: 49.968 | X8: 16956.83 | Y8: 1272.691 | Z8: 1121.87 | AA8: 是 | AB8: -4804.876 | AC8: 0 | AD8: 266.67 | AE8: 266.67 | AF8: 0 | AG8: 266.67 | AH8: 266.67 | AI8: 6692 | AJ8: 33605 | AK8: 40297 | AL8: 16514.24 | AM8: 16514.24 | AN8: 0 | AO8: 19.01 | AP8: 18.41 | AS8: 361 | AT8: 361 | AU8: 266.67 | AV8: 266.67 | AW8: 301 | AX8: 301 | AY8: 266.67 | AZ8: 266.67
A9: 32300.31 | B9: -7173.46 | C9: 26777.06 | D9: 13965.79 | E9: 18.95 | F9: 7199 | G9: 0 | H9: 195.89 | I9: 300.8 | J9: 330.81 | K9: 273.65 | L9: 273.19 | M9: 635.99 | N9: 635.58 | O9: 364.9 | P9: 306.1 | Q9: 32453.62 | R9: 7109.719 | S9: 15676.645 | T9: 1.212 | U9: 15677.857 | V9: -137.56 | W9: 49.969 | X9: 16801.62 | Y9: 1610.461 | Z9: 1129.56 | AA9: 是 | AB9: -4811.04 | AC9: 0 | AD9: 266.67 | AE9: 266.67 | AF9: 0 | AG9: 266.67 | AH9: 266.67 | AI9: 6692 | AJ9: 33442 | AK9: 40134 | AL9: 16572.91 | AM9: 16572.91 | AN9: 0 | AO9: 18.95 | AP9: 18.53 | AS9: 361 | AT9: 361 | AU9: 266.67 | AV9: 266.67 | AW9: 301 | AX9: 301 | AY9: 266.67 | AZ9: 266.67
A10: 32381.07 | B10: -7088.87 | C10: 26775.16 | D10: 13623.69 | E10: 18.93 | F10: 7199 | G10: 0 | H10: 195.02 | I10: 300.32 | J10: 330.88 | K10: 273.65 | L10: 272.49 | M10: 636.81 | N10: 635.58 | O10: 365.2 | P10: 304.7 | Q10: 32142.56 | R10: 7232.82 | S10: 15577.773 | T10: 1.126 | U10: 15578.899 | V10: -443.6 | W10: 49.997 | X10: 16575.49 | Y10: 1746.258 | Z10: 1244.48 | AA10: 是 | AB10: -4811.88 | AC10: 0 | AD10: 266.67 | AE10: 266.67 | AF10: 100 | AG10: 155.56 | AH10: 255.56 | AI10: 6692 | AJ10: 33376 | AK10: 40068 | AL10: 16619.77 | AM10: 16619.77 | AN10: 0 | AO10: 18.93 | AP10: 110.81 | AS10: 361 | AT10: 361 | AU10: 255.56 | AV10: 266.67 | AW10: 301 | AX10: 301 | AY10: 255.56 | AZ10: 266.67
A11: 32308.29 | B11: -6929.54 | C11: 26775.3 | D11: 14436.11 | E11: 18.88 | F11: 7199 | G11: 0 | H11: 194.17 | I11: 300.61 | J11: 330.1 | K11: 273.19 | L11: 273.19 | M11: 634.76 | N11: 634.76 | O11: 364.4 | P11: 305.2 | Q11: 32275.3 | R11: 6852.757 | S11: 15639.069 | T11: 1.139 | U11: 15640.208 | V11: -750.35 | W11: 49.976 | X11: 16585.23 | Y11: 1733.988 | Z11: 1236.51 | AA11: 是 | AB11: -4810.899 | AC11: 0 | AD11: 266.67 | AE11: 266.67 | AF11: 200 | AG11: 44.44 | AH11: 244.44 | AI11: 6692 | AJ11: 33294 | AK11: 39986 | AL11: 16683.34 | AM11: 16683.34 | AN11: 0 | AO11: 18.88 | AP11: 203.08 | AS11: 361 | AT11: 361 | AU11: 244.44 | AV11: 266.67 | AW11: 301 | AX11: 301 | AY11: 244.44 | AZ11: 266.67
A12: 32024.13 | B12: -7133.14 | C12: 26776.61 | D12: 14498.9 | E12: 19.02 | F12: 7199 | G12: 0 | H12: 194.17 | I12: 299.98 | J12: 330.39 | K12: 273.89 | L12: 273.19 | M12: 636.4 | N12: 635.99 | O12: 365.1 | P12: 304.8 | Q12: 32110.62 | R12: 7160.376 | S12: 15773.976 | T12: 1.172 | U12: 15775.147 | V12: -1055.06 | W12: 50.018 | X12: 16273.49 | Y12: 1751.699 | Z12: 1229.74 | AA12: 是 | AB12: -4816.082 | AC12: 0 | AD12: 266.67 | AE12: 266.67 | AF12: 0.1 | AG12: 266.56 | AH12: 266.66 | AI12: 6692 | AJ12: 33204 | AK12: 39896 | AL12: 16742.25 | AM12: 16742.25 | AN12: 0 | AO12: 19.02 | AP12: 18.95 | AS12: 361 | AT12: 361 | AU12: 266.66 | AV12: 266.67 | AW12: 301 | AX12: 301 | AY12: 266.66 | AZ12: 266.67
A13: 31990.7 | B13: -6990.54 | C13: 26775.68 | D13: 15118.36 | E13: 19.06 | F13: 7199 | G13: 0 | H13: 195.02 | I13: 300.05 | J13: 330.74 | K13: 273.19 | L13: 271.79 | M13: 636.4 | N13: 635.99 | O13: 365.3 | P13: 303 | Q13: 31891.17 | R13: 7050.549 | S13: 16137.58 | T13: 1.101 | U13: 16138.681 | V13: -1046.56 | W13: 49.972 | X13: 16976.52 | Y13: 1054.668 | Z13: 1225.07 | AA13: 是 | AB13: -4811.18 | AC13: 0 | AD13: 266.67 | AE13: 266.67 | AF13: 200 | AG13: 44.44 | AH13: 244.44 | AI13: 6692 | AJ13: 33141 | AK13: 39833 | AL13: 16793.71 | AM13: 16793.71 | AN13: 0 | AO13: 19.06 | AP13: 203.11 | AS13: 361 | AT13: 361 | AU13: 244.44 | AV13: 266.67 | AW13: 301 | AX13: 301 | AY13: 244.44 | AZ13: 266.67
A14: 31897.6 | B14: -6976.54 | C14: 26775.33 | D14: 15364.75 | E14: 19.17 | F14: 7199 | G14: 0 | H14: 195.02 | I14: 300.99 | J14: 330.4 | K14: 273.19 | L14: 273.19 | M14: 636.4 | N14: 634.76 | O14: 364.7 | P14: 304.1 | Q14: 31881.65 | R14: 6990.449 | S14: 16199.764 | T14: 1.14 | U14: 16200.904 | V14: -1047.06 | W14: 50.022 | X14: 17105.57 | Y14: 1020.039 | Z14: 1231.62 | AA14: 是 | AB14: -4807.818 | AC14: 0 | AD14: 266.67 | AE14: 266.67 | AF14: 200 | AG14: 44.44 | AH14: 244.44 | AI14: 6692 | AJ14: 33065 | AK14: 39757 | AL14: 16829.8 | AM14: 16829.8 | AN14: 0 | AO14: 19.17 | AP14: 203.1 | AS14: 361 | AT14: 361 | AU14: 244.44 | AV14: 266.67 | AW14: 301 | AX14: 301 | AY14: 244.44 | AZ14: 266.67
... A97: 33687.71 | B97: -7020.2 | C97: 26256.3 | D97: 14742.58 | E97: 18.71 | F97: 7199 | G97: 0 | H97: 195.02 | I97: 301.72 | J97: 330.7 | K97: 272.26 | L97: 273.65 | M97: 637.22 | N97: 638.05 | O97: 357.9 | P97: 301.2 | Q97: 33699.97 | R97: 6476.739 | S97: 16797.771 | T97: 0.004 | U97: 16797.775 | V97: 73.55 | W97: 50.026 | X97: 17580.17 | Y97: 1004.367 | Z97: 1156.06 | AA97: 是 | AB97: -4744.363 | AC97: 0 | AD97: 266.67 | AE97: 266.67 | AF97: 0 | AG97: 266.67 | AH97: 266.67 | AI97: 6594 | AJ97: 34018 | AK97: 40612 | AL97: 16701.55 | AM97: 16701.55 | AN97: 0 | AO97: 18.71 | AP97: 18.4 | AS97: 361 | AT97: 361 | AU97: 266.67 | AV97: 266.67 | AW97: 301 | AX97: 301 | AY97: 266.67 | AZ97: 266.67

Sheet 2024年12月26日
A1: 用电负荷(MW) | B1: 外送计划(MW) | C1: 火电总计划(MW) | D1: 新能源总计划(MW) | E1: 用户侧价格(元/MWh) | F1: 特高压雁淮直流外送-电力(MW) | G1: 塔山3# | H1: 塔山4# | I1: 王家岭电厂1#机 | J1: 王家岭电厂2#机 | K1: 神泉1# | L1: 神泉2# | M1: 神泉二期3号机 | N1: 神泉二期4号机 | O1: 紫荆电厂01# | P1: 紫荆电厂02# | Q1: 系统负荷实际值(MW) | R1: 外送实际值(MW) | S1: 风电实际值(MW) | T1: 光伏实际值(MW) | U1: 风光总加实际值(MW) | V1: 水电实际值(MW) | W1: 频率实际值(MW) | X1: 实际上旋备用(MW) | Y1: 实际下旋备用(MW) | Z1: 非市场化机组实际出力(MW) | AA1: 是否越限 | AB1: 湖关三-潮流(MW) | AC1: 实时节点边际电价-电能量价格(元/MWh) | AD1: 实时节点边际电价-阻塞价格(元/MWh) | AE1: 实时节点边际电价-节点电价(元/MWh) | AF1: 日前节点边际电价-电能量价格(元/MWh) | AG1: 日前节点边际电价-阻塞价格(元/MWh) | AH1: 日前节点边际电价-节点电价(元/MWh) | AI1: 日前联络线电力值(MW) | AJ1: 省内负荷预测电力值(MW) | AK1: 总加电力值(MW) | AL1: 电力值(MW) | AM1: 风电(MW) | AN1: 光伏(MW) | AO1: 实时出清价格(元/MWh) | AP1: 日前出清价格(元/MWh) | AQ1: 日前-出清概况 | AR1: 实时-出清概况 | AS1: 1#日前结果(MW) | AT1: 1#实时结果(MW) | AU1: 1#日前价格(元/MWh) | AV1: 1#实时价格(元/MWh) | AW1: 2#日前结果(MW) | AX1: 2#实时结果(MW) | AY1: 2#日前价格(元/MWh) | AZ1: 2#实时价格(元/MWh)
A2: 34117.9 | B2: -5970.8 | C2: 33827.92 | D2: 9339.27 | E2: 320 | F2: 7199 | G2: 547.08 | H2: 550.49 | I2: 504.47 | J2: 608.73 | K2: 440.89 | L2: 441.13 | M2: 899.1 | N2: 918.01 | O2: 464.3 | P2: 455.5 | Q2: 34241.77 | R2: 6033.034 | S2: 8551.082 | T2: 1.095 | U2: 8552.176 | V2: 50.31 | W2: 50.033 | X2: 10863.83 | Y2: 8879.795 | Z2: 1112.25 | AA2: 是 | AB2: -3583.136 | AC2: 320 | AD2: 0 | AE2: 320 | AF2: 310 | AG2: 0 | AH2: 310 | AI2: 6692 | AJ2: 34594.8 | AK2: 41286.8 | AL2: 11250.25 | AM2: 11250.25 | AN2: 0 | AO2: 320 | AP2: 310 | AQ2: 12月26日,直调用电预测最大负荷4048.73万千瓦，最小3233.33万千瓦；外送电最大898.60万千瓦，最小585.75万千瓦；日前现货市场出清节点电价最大370.00元/MWh，最小0.00元/MWh，算术平均239.33元/MWh；日前现货市场火电机组运行129台，运行机组容量46122.00MW；日前调频市场需求最大值4647.53MW，需求最小值为4180.39MW；中标机组最多25台，中标机组最少21台；中标机组调频性能指标平均值为4.26；边际出清价格最大26.00元/MWh，最小5.00元/MWh；火电机组必开96台次、必开容量30091.00MW，必停23台次、必停容量3093.00MW。 | AR2: 12月26日直调用电实际最大负荷3890.94万千瓦，最小2961.62万千瓦；12月26日日外送电实际安排最大898.60万千瓦，最小585.75万千瓦；12月26日实时现货市场出清价格最大396.00元/MWh，最小0.00元/MWh，算术平均235.18元/MWh；实时现货市场有阻塞，湖关三回线断面负载率最高，达到100.00%;临会双＋榆久双断面负载率次高，达到89.00%。 | AS2: 468 | AT2: 468 | AU2: 310 | AV2: 320 | AW2: 468 | AX2: 468 | AY2: 310 | AZ2: 320
A3: 34112.97 | B3: -5796.8 | C3: 34937.41 | D3: 9140.93 | E3: 329 | F3: 7199 | G3: 549.64 | H3: 550.49 | I3: 575.69 | J3: 625.98 | K3: 515.79 | L3: 516.26 | M3: 899.92 | N3: 919.25 | O3: 466.2 | P3: 463.5 | Q3: 34287.06 | R3: 6048.873 | S3: 8220.997 | T3: 1.12 | U3: 8222.117 | V3: 50.3 | W3: 49.989 | X3: 10475.48 | Y3: 8648.744 | Z3: 1118.78 | AA3: 是 | AB3: -3440.539 | AC3: 329 | AD3: 0 | AE3: 329 | AF3: 300 | AG3: 0 | AH3: 300 | AI3: 6692 | AJ3: 34597.9 | AK3: 41289.9 | AL3: 11118.99 | AM3: 11118.99 | AN3: 0 | AO3: 329 | AP3: 300 | AS3: 393.27 | AT3: 468 | AU3: 300 | AV3: 329 | AW3: 369 | AX3: 468 | AY3: 300 | AZ3: 329
A4: 34168.43 | B4: -5158.12 | C4: 35050.1 | D4: 8994.39 | E4: 325 | F4: 7199 | G4: 549.64 | H4: 552.21 | I4: 582.55 | J4: 624.86 | K4: 555.1 | L4: 567.89 | M4: 899.1 | N4: 920.07 | O4: 466 | P4: 463.5 | Q4: 33944.46 | R4: 5151.796 | S4: 7821.325 | T4: 1.07 | U4: 7822.395 | V4: 50.35 | W4: 49.992 | X4: 11320.84 | Y4: 6801.123 | Z4: 1124.86 | AA4: 是 | AB4: -3333.241 | AC4: 325 | AD4: 0 | AE4: 325 | AF4: 304 | AG4: 0 | AH4: 304 | AI4: 6692 | AJ4: 34205.6 | AK4: 40897.6 | AL4: 10967.64 | AM4: 10967.64 | AN4: 0 | AO4: 325 | AP4: 304 | AS4: 468 | AT4: 468 | AU4: 304 | AV4: 325 | AW4: 468 | AX4: 468 | AY4: 304 | AZ4: 325
A5: 33898.61 | B5: -4714.04 | C5: 32796.47 | D5: 8793.07 | E5: 282.2 | F5: 7199 | G5: 448.82 | H5: 449.66 | I5: 581.97 | J5: 628.28 | K5: 551.84 | L5: 554.87 | M5: 898.69 | N5: 919.25 | O5: 379.7 | P5: 376.6 | Q5: 33853.25 | R5: 4594.406 | S5: 7499.49 | T5: 1.079 | U5: 7500.569 | V5: 50.35 | W5: 49.979 | X5: 11641.87 | Y5: 6478.363 | Z5: 1137.87 | AA5: 是 | AB5: -3516.74 | AC5: 282.2 | AD5: 0 | AE5: 282.2 | AF5: 300 | AG5: 0 | AH5: 300 | AI5: 6692 | AJ5: 34164.5 | AK5: 40856.5 | AL5: 10832.15 | AM5: 10832.15 | AN5: 0 | AO5: 282.2 | AP5: 300 | AS5: 450.88 | AT5: 369 | AU5: 300 | AV5: 282.2 | AW5: 441.28 | AX5: 369 | AY5: 300 | AZ5: 282.2
A6: 33566.56 | B6: -4686.9 | C6: 32615.09 | D6: 8541.55 | E6: 290 | F6: 7199 | G6: 353.12 | H6: 354.81 | I6: 581.03 | J6: 626.28 | K6: 554.4 | L6: 557.89 | M6: 899.51 | N6: 920.48 | O6: 355.1 | P6: 299.9 | Q6: 33685.74 | R6: 4665.53 | S6: 7234.531 | T6: 1.074 | U6: 7235.605 | V6: 173.35 | W6: 50.031 | X6: 11481.63 | Y6: 6537.709 | Z6: 1136.14 | AA6: 是 | AB6: -3613.673 | AC6: 290 | AD6: 0 | AE6: 290 | AF6: 300 | AG6: 0 | AH6: 300 | AI6: 6692 | AJ6: 33900.4 | AK6: 40592.4 | AL6: 10705.42 | AM6: 10705.42 | AN6: 0 | AO6: 290 | AP6: 300 | AS6: 432.36 | AT6: 361 | AU6: 300 | AV6: 290 | AW6: 412.89 | AX6: 301 | AY6: 300 | AZ6: 290
A7: 33497.92 | B7: -4754.16 | C7: 33518.61 | D7: 8248.39 | E7: 306 | F7: 7199 | G7: 449.66 | H7: 447.97 | I7: 580.25 | J7: 626.55 | K7: 557.43 | L7: 569.29 | M7: 894.58 | N7: 920.07 | O7: 453.6 | P7: 398.9 | Q7: 33421.5 | R7: 4851.1 | S7: 7135.519 | T7: 1.079 | U7: 7136.598 | V7: 173.3 | W7: 49.972 | X7: 11467.12 | Y7: 6534.496 | Z7: 1123.46 | AA7: 是 | AB7: -3422.889 | AC7: 306 | AD7: 0 | AE7: 306 | AF7: 300 | AG7: 0 | AH7: 300 | AI7: 6692 | AJ7: 33824.4 | AK7: 40516.4 | AL7: 10586.93 | AM7: 10586.93 | AN7: 0 | AO7: 306 | AP7: 300 | AS7: 388.82 | AT7: 460 | AU7: 300 | AV7: 306 | AW7: 344.42 | AX7: 400 | AY7: 300 | AZ7: 306
A8: 33285.56 | B8: -4740.58 | C8: 33491.42 | D8: 7957.47 | E8: 301 | F8: 7199 | G8: 449.66 | H8: 447.97 | I8: 580.11 | J8: 627.31 | K8: 570.92 | L8: 573.48 | M8: 893.76 | N8: 918.84 | O8: 470.4 | P8: 445.5 | Q8: 33297.23 | R8: 4770.171 | S8: 7272.787 | T8: 1.008 | U8: 7273.795 | V8: 173.35 | W8: 50.03 | X8: 11803.87 | Y8: 6202.258 | Z8: 1248.65 | AA8: 是 | AB8: -3340.104 | AC8: 301 | AD8: 0 | AE8: 301 | AF8: 300 | AG8: 0 | AH8: 300 | AI8: 6692 | AJ8: 33692.6 | AK8: 40384.6 | AL8: 10475.17 | AM8: 10475.17 | AN8: 0 | AO8: 301 | AP8: 300 | AS8: 385.61 | AT8: 468 | AU8: 300 | AV8: 301 | AW8: 353.72 | AX8: 447.6 | AY8: 300 | AZ8: 301
A9: 33197.1 | B9: -4623.4 | C9: 33632.06 | D9: 7713.37 | E9: 308 | F9: 7199 | G9: 448.82 | H9: 448.82 | I9: 579.41 | J9: 626.97 | K9: 567.89 | L9: 572.54 | M9: 898.69 | N9: 919.25 | O9: 470 | P9: 465.9 | Q9: 33250.11 | R9: 4621.484 | S9: 7620.405 | T9: 1.025 | U9: 7621.43 | V9: 163.45 | W9: 50.035 | X9: 12355.81 | Y9: 5665.328 | Z9: 1253.6 | AA9: 是 | AB9: -3316.712 | AC9: 308 | AD9: 0 | AE9: 308 | AF9: 300 | AG9: 0 | AH9: 300 | AI9: 6692 | AJ9: 33423.4 | AK9: 40115.4 | AL9: 10373.72 | AM9: 10373.72 | AN9: 0 | AO9: 308 | AP9: 300 | AS9: 467.71 | AT9: 468 | AU9: 300 | AV9: 308 | AW9: 452.72 | AX9: 468 | AY9: 300 | AZ9: 308
A10: 33147.24 | B10: -4362.6 | C10: 33135.28 | D10: 7503.15 | E10: 300 | F10: 7199 | G10: 449.66 | H10: 450.54 | I10: 580.61 | J10: 627.47 | K10: 570.92 | L10: 572.78 | M10: 900.34 | N10: 920.07 | O10: 429 | P10: 403.4 | Q10: 33104.06 | R10: 4329.915 | S10: 7930.695 | T10: 1.091 | U10: 7931.786 | V10: -245.55 | W10: 50.016 | X10: 12798.18 | Y10: 5289.617 | Z10: 1255.08 | AA10: 是 | AB10: -2888.5 | AC10: 300 | AD10: 0 | AE10: 300 | AF10: 305 | AG10: 0 | AH10: 305 | AI10: 6692 | AJ10: 33443.9 | AK10: 40135.9 | AL10: 10333.34 | AM10: 10333.34 | AN10: 0 | AO10: 300 | AP10: 305 | AS10: 468 | AT10: 424.49 | AU10: 305 | AV10: 300 | AW10: 468 | AX10: 400 | AY10: 305 | AZ10: 300
A11: 33079.67 | B11: -4300 | C11: 32663.43 | D11: 7487.01 | E11: 290 | F11: 7199 | G11: 415.49 | H11: 415.49 | I11: 580.14 | J11: 626.55 | K11: 568.13 | L11: 568.13 | M11: 899.1 | N11: 918.01 | O11: 365.7 | P11: 310.2 | Q11: 33029.86 | R11: 4265.891 | S11: 8039.125 | T11: 0.971 | U11: 8040.096 | V11: -545.1 | W11: 49.966 | X11: 12743.72 | Y11: 5315.141 | Z11: 1244.85 | AA11: 是 | AB11: -3048.747 | AC11: 290 | AD11: 0 | AE11: 290 | AF11: 313 | AG11: 0 | AH11: 313 | AI11: 6692 | AJ11: 33380 | AK11: 40072 | AL11: 10327.88 | AM11: 10327.88 | AN11: 0 | AO11: 290 | AP11: 313 | AS11: 468 | AT11: 361 | AU11: 313 | AV11: 290 | AW11: 468 | AX11: 301 | AY11: 313 | AZ11: 290
A12: 32703.65 | B12: -4301.2 | C12: 32565.52 | D12: 7628.87 | E12: 290 | F12: 7199 | G12: 388.14 | H12: 389.01 | I12: 579.23 | J12: 625.64 | K12: 561.85 | L12: 565.1 | M12: 899.1 | N12: 919.66 | O12: 361.2 | P12: 303.8 | Q12: 32863.72 | R12: 4357.412 | S12: 8629.98 | T12: 1.031 | U12: 8631.011 | V12: -568.95 | W12: 50.033 | X12: 13413.11 | Y12: 4588.332 | Z12: 1141.96 | AA12: 是 | AB12: -3072.56 | AC12: 290 | AD12: 0 | AE12: 290 | AF12: 310 | AG12: 0 | AH12: 310 | AI12: 6692 | AJ12: 33219.1 | AK12: 39911.1 | AL12: 10331.36 | AM12: 10331.36 | AN12: 0 | AO12: 290 | AP12: 310 | AS12: 468 | AT12: 361 | AU12: 310 | AV12: 290 | AW12: 468 | AX12: 301 | AY12: 310 | AZ12: 290
A13: 32837.81 | B13: -4117.18 | C13: 32670.72 | D13: 7923.78 | E13: 290 | F13: 7199 | G13: 422.34 | H13: 418.9 | I13: 579.31 | J13: 627.05 | K13: 571.61 | L13: 569.52 | M13: 899.1 | N13: 920.48 | O13: 364.5 | P13: 306 | Q13: 32602.91 | R13: 4334.71 | S13: 9218.598 | T13: 0.921 | U13: 9219.519 | V13: -1171.05 | W13: 50.004 | X13: 13669.79 | Y13: 4561.5 | Z13: 1143.6 | AA13: 是 | AB13: -3029.697 | AC13: 290 | AD13: 0 | AE13: 290 | AF13: 320 | AG13: 0 | AH13: 320 | AI13: 6692 | AJ13: 33287.4 | AK13: 39979.4 | AL13: 10344.65 | AM13: 10344.65 | AN13: 0 | AO13: 290 | AP13: 320 | AS13: 468 | AT13: 361 | AU13: 320 | AV13: 290 | AW13: 468 | AX13: 301 | AY13: 320 | AZ13: 290
A14: 32822.47 | B14: -4309.43 | C14: 31976.27 | D14: 8206.74 | E14: 282.2 | F14: 7199 | G14: 303.54 | H14: 306.97 | I14: 580.19 | J14: 626.86 | K14: 550.91 | L14: 553.01 | M14: 899.51 | N14: 919.66 | O14: 365.2 | P14: 306.7 | Q14: 32530.68 | R14: 4276.292 | S14: 9657.475 | T14: 1.021 | U14: 9658.496 | V14: -1171.66 | W14: 50.019 | X14: 14237.53 | Y14: 4046.777 | Z14: 1121.69 | AA14: 是 | AB14: -3059.813 | AC14: 282.2 | AD14: 0 | AE14: 282.2 | AF14: 310 | AG14: 0 | AH14: 310 | AI14: 6692 | AJ14: 33213.2 | AK14: 39905.2 | AL14: 10394.78 | AM14: 10394.78 | AN14: 0 | AO14: 282.2 | AP14: 310 | AS14: 468 | AT14: 361 | AU14: 310 | AV14: 282.2 | AW14: 468 | AX14: 301 | AY14: 310 | AZ14: 282.2
... A97: 33365.4 | B97: -6284.8 | C97: 29792.34 | D97: 12582.79 | E97: 270 | F97: 7199 | G97: 0 | H97: 248.86 | I97: 502.43 | J97: 536.72 | K97: 429.96 | L97: 432.52 | M97: 826.75 | N97: 825.92 | O97: 353.8 | P97: 302.1 | Q97: 32941.45 | R97: 6659.868 | S97: 13433.646 | T97: 1.13 | U97: 13434.775 | V97: 65.7 | W97: 50.036 | X97: 14813.57 | Y97: 2767.395 | Z97: 1130.96 | AA97: 是 | AB97: -4132.232 | AC97: 270 | AD97: 0 | AE97: 270 | AF97: 249 | AG97: 0 | AH97: 249 | AI97: 6594 | AJ97: 34203.6 | AK97: 40797.6 | AL97: 15258.83 | AM97: 15258.83 | AN97: 0 | AO97: 270 | AP97: 249 | AS97: 361 | AT97: 361 | AU97: 249 | AV97: 270 | AW97: 301 | AX97: 301 | AY97: 249 | AZ97: 270

Sheet 2024年12月25日
A1: 用电负荷(MW) | B1: 外送计划(MW) | C1: 火电总计划(MW) | D1: 新能源总计划(MW) | E1: 用户侧价格(元/MWh) | F1: 特高压雁淮直流外送-电力(MW) | G1: 塔山3# | H1: 塔山4# | I1: 王家岭电厂1#机 | J1: 王家岭电厂2#机 | K1: 神泉1# | L1: 神泉2# | M1: 神泉二期3号机 | N1: 神泉二期4号机 | O1: 紫荆电厂01# | P1: 紫荆电厂02# | Q1: 系统负荷实际值(MW) | R1: 外送实际值(MW) | S1: 风电实际值(MW) | T1: 光伏实际值(MW) | U1: 风光总加实际值(MW) | V1: 水电实际值(MW) | W1: 频率实际值(MW) | X1: 实际上旋备用(MW) | Y1: 实际下旋备用(MW) | Z1: 非市场化机组实际出力(MW) | AA1: 湖关三回线-是否越限 | AB1: 湖关三-潮流(MW) | AC1: 实时节点边际电价-电能量价格(元/MWh) | AD1: 实时节点边际电价-阻塞价格(元/MWh) | AE1: 实时节点边际电价-节点电价(元/MWh) | AF1: 日前节点边际电价-电能量价格(元/MWh) | AG1: 日前节点边际电价-阻塞价格(元/MWh) | AH1: 日前节点边际电价-节点电价(元/MWh) | AI1: 日前联络线电力值(MW) | AJ1: 省内负荷预测电力值(MW) | AK1: 总加电力值(MW) | AL1: 电力值(MW) | AM1: 风电(MW) | AN1: 光伏(MW) | AO1: 实时出清价格(元/MWh) | AP1: 日前出清价格(元/MWh) | AQ1: 日前-出清概况 | AR1: 实时-出清概况 | AS1: 1#日前结果(MW) | AT1: 1#实时结果(MW) | AU1: 1#日前价格(元/MWh) | AV1: 1#实时价格(元/MWh) | AW1: 2#日前结果(MW) | AX1: 2#实时结果(MW) | AY1: 2#日前价格(元/MWh) | AZ1: 2#实时价格(元/MWh)
A2: 34097.78 | B2: -5870.59 | C2: 29199.64 | D2: 13382.99 | E2: 250 | F2: 7199 | G2: 242.04 | H2: 240.32 | I2: 466.27 | J2: 469.56 | K2: 269 | L2: 271.56 | M2: 705.47 | N2: 702.59 | O2: 358.9 | P2: 305.4 | Q2: 33689.46 | R2: 6066.487 | S2: 13202.763 | T2: 0.165 | U2: 13202.928 | V2: 95.18 | W2: 49.967 | X2: 15944.16 | Y2: 3089.02 | Z2: 1090.92 | AA2: 是 | AB2: -4566.327 | AC2: 250 | AD2: 0 | AE2: 250 | AF2: 282.2 | AG2: 0 | AH2: 282.2 | AI2: 6692 | AJ2: 34942.7 | AK2: 41634.7 | AL2: 14310.23 | AM2: 14310.23 | AN2: 0 | AO2: 250 | AP2: 291.1 | AQ2: 12月25日,直调用电预测最大负荷4034.30万千瓦，最小3246.03万千瓦；外送电最大898.60万千瓦，最小585.75万千瓦；日前现货市场出清节点电价最大1500.00元/MWh，最小0.00元/MWh，算术平均190.71元/MWh；日前现货市场火电机组运行130台，运行机组容量46422.00MW；日前调频市场需求最大值4633.10MW，需求最小值为4214.87MW；中标机组最多25台，中标机组最少21台；中标机组调频性能指标平均值为3.67；边际出清价格最大30.00元/MWh，最小5.00元/MWh；火电机组必开97台次、必开容量30391.00MW，必停23台次、必停容量3093.00MW。 | AR2: 12月25日直调用电实际最大负荷3900.97万千瓦，最小3118.89万千瓦；12月25日日外送电实际安排最大898.60万千瓦，最小585.75万千瓦；12月25日实时现货市场出清价格最大330.00元/MWh，最小0.00元/MWh，算术平均130.60元/MWh；实时现货市场有阻塞，铺吉双断面负载率最高，达到100.00%;卧湖三回断面负载率次高，达到100.00%。 | AS2: 361 | AT2: 361 | AU2: 282.2 | AV2: 250 | AW2: 361 | AX2: 361 | AY2: 282.2 | AZ2: 250
A3: 33873.5 | B3: -5729.24 | C3: 27809.81 | D3: 13482.67 | E3: 18.57 | F3: 7199 | G3: 196.74 | H3: 199.3 | I3: 358.29 | J3: 348.97 | K3: 270.4 | L3: 271.1 | M3: 664.77 | N3: 663.95 | O3: 357.5 | P3: 302.2 | Q3: 34189.16 | R3: 5603.993 | S3: 13425.335 | T3: 0.168 | U3: 13425.502 | V3: 88.49 | W3: 50.033 | X3: 16122.61 | Y3: 2444.145 | Z3: 1099.14 | AA3: 是 | AB3: -4644.209 | AC3: 0 | AD3: 266.67 | AE3: 266.67 | AF3: 268 | AG3: 0 | AH3: 268 | AI3: 6692 | AJ3: 34843.4 | AK3: 41535.4 | AL3: 14406.13 | AM3: 14406.13 | AN3: 0 | AO3: 18.57 | AP3: 276.94 | AS3: 361 | AT3: 361 | AU3: 268 | AV3: 266.67 | AW3: 361 | AX3: 361 | AY3: 268 | AZ3: 266.67
A4: 33704.98 | B4: -5643.1 | C4: 27818.92 | D4: 13315.33 | E4: 110.88 | F4: 7199 | G4: 195.89 | H4: 195.89 | I4: 300.72 | J4: 329.41 | K4: 270.4 | L4: 272.26 | M4: 635.17 | N4: 638.05 | O4: 360.4 | P4: 305.1 | Q4: 34021.37 | R4: 5700.76 | S4: 13490.346 | T4: 0.222 | U4: 13490.568 | V4: 87.09 | W4: 50.025 | X4: 16261.99 | Y4: 2255.531 | Z4: 1141.11 | AA4: 是 | AB4: -4693.376 | AC4: 100 | AD4: 155.56 | AE4: 255.56 | AF4: 250 | AG4: 0 | AH4: 250 | AI4: 6692 | AJ4: 34744 | AK4: 41436 | AL4: 14491.29 | AM4: 14491.29 | AN4: 0 | AO4: 110.88 | AP4: 250 | AS4: 361 | AT4: 361 | AU4: 250 | AV4: 255.56 | AW4: 361 | AX4: 361 | AY4: 250 | AZ4: 255.56
A5: 33656.66 | B5: -5514.49 | C5: 27859.41 | D5: 13226.26 | E5: 110.91 | F5: 7199 | G5: 195.02 | H5: 195.89 | I5: 301.7 | J5: 331.05 | K5: 271.33 | L5: 271.56 | M5: 638.46 | N5: 638.87 | O5: 360.9 | P5: 305.6 | Q5: 33855.37 | R5: 5548.375 | S5: 13613.172 | T5: 0.194 | U5: 13613.366 | V5: 88.19 | W5: 50.011 | X5: 16705.19 | Y5: 1758.809 | Z5: 1121.77 | AA5: 是 | AB5: -4688.473 | AC5: 100 | AD5: 155.56 | AE5: 255.56 | AF5: 267 | AG5: 0 | AH5: 267 | AI5: 6692 | AJ5: 34495.7 | AK5: 41187.7 | AL5: 14573.67 | AM5: 14573.67 | AN5: 0 | AO5: 110.91 | AP5: 267 | AS5: 361 | AT5: 361 | AU5: 267 | AV5: 255.56 | AW5: 361 | AX5: 361 | AY5: 267 | AZ5: 255.56
A6: 33544.49 | B6: -5767.13 | C6: 27846.01 | D6: 13301.24 | E6: 110.91 | F6: 7199 | G6: 194.17 | H6: 195.89 | I6: 297.6 | J6: 329.77 | K6: 271.1 | L6: 272.49 | M6: 638.46 | N6: 637.22 | O6: 358.7 | P6: 303.8 | Q6: 33187.05 | R6: 5710.38 | S6: 13607.398 | T6: 0.158 | U6: 13607.556 | V6: 67.79 | W6: 50.034 | X6: 17202.57 | Y6: 1318.445 | Z6: 1131.04 | AA6: 是 | AB6: -4693.236 | AC6: 100 | AD6: 155.56 | AE6: 255.56 | AF6: 255 | AG6: 0 | AH6: 255 | AI6: 6692 | AJ6: 34172.8 | AK6: 40864.8 | AL6: 14657.35 | AM6: 14657.35 | AN6: 0 | AO6: 110.91 | AP6: 255 | AS6: 361 | AT6: 361 | AU6: 255 | AV6: 255.56 | AW6: 361 | AX6: 361 | AY6: 255 | AZ6: 255.56
A7: 33169.91 | B7: -5968.29 | C7: 27611.53 | D7: 13301.73 | E7: 18.88 | F7: 7199 | G7: 195.89 | H7: 195.89 | I7: 300.34 | J7: 330.39 | K7: 271.1 | L7: 271.56 | M7: 638.05 | N7: 637.64 | O7: 362.6 | P7: 304.8 | Q7: 33222.76 | R7: 5925.754 | S7: 13723.341 | T7: 0.21 | U7: 13723.551 | V7: 66.54 | W7: 49.978 | X7: 17070.63 | Y7: 1568.648 | Z7: 1137.13 | AA7: 是 | AB7: -4685.812 | AC7: 0 | AD7: 266.67 | AE7: 266.67 | AF7: 250 | AG7: 0 | AH7: 250 | AI7: 6692 | AJ7: 33999 | AK7: 40691 | AL7: 14737.86 | AM7: 14737.86 | AN7: 0 | AO7: 18.88 | AP7: 250 | AS7: 361 | AT7: 361 | AU7: 250 | AV7: 266.67 | AW7: 361 | AX7: 361 | AY7: 250 | AZ7: 266.67
A8: 32968.36 | B8: -6006.16 | C8: 27636.26 | D8: 12806.59 | E8: 18.96 | F8: 7199 | G8: 194.17 | H8: 195.89 | I8: 299.8 | J8: 329.88 | K8: 271.1 | L8: 271.56 | M8: 638.05 | N8: 638.05 | O8: 359.9 | P8: 304.2 | Q8: 33025.86 | R8: 5947.187 | S8: 13652.249 | T8: 0.127 | U8: 13652.376 | V8: 67.84 | W8: 50.033 | X8: 17176.62 | Y8: 1470.141 | Z8: 1124.01 | AA8: 是 | AB8: -4696.317 | AC8: 0 | AD8: 266.67 | AE8: 266.67 | AF8: 200 | AG8: 44.44 | AH8: 244.44 | AI8: 6692 | AJ8: 33825.2 | AK8: 40517.2 | AL8: 14822 | AM8: 14822 | AN8: 0 | AO8: 18.96 | AP8: 203.08 | AS8: 361 | AT8: 361 | AU8: 244.44 | AV8: 266.67 | AW8: 361 | AX8: 361 | AY8: 244.44 | AZ8: 266.67
A9: 32988.04 | B9: -5745.98 | C9: 27639.73 | D9: 12603.16 | E9: 18.99 | F9: 7199 | G9: 195.02 | H9: 196.74 | I9: 300.22 | J9: 331.07 | K9: 270.16 | L9: 271.1 | M9: 638.05 | N9: 637.22 | O9: 360.1 | P9: 305.7 | Q9: 32735.46 | R9: 5895.786 | S9: 13504.546 | T9: 0.118 | U9: 13504.664 | V9: 61.04 | W9: 49.969 | X9: 17362.51 | Y9: 1285.27 | Z9: 1135.74 | AA9: 是 | AB9: -4692.255 | AC9: 0 | AD9: 266.67 | AE9: 266.67 | AF9: 250 | AG9: 0 | AH9: 250 | AI9: 6692 | AJ9: 33750.7 | AK9: 40442.7 | AL9: 14900.56 | AM9: 14900.56 | AN9: 0 | AO9: 18.99 | AP9: 250 | AS9: 361 | AT9: 361 | AU9: 250 | AV9: 266.67 | AW9: 361 | AX9: 361 | AY9: 250 | AZ9: 266.67
A10: 32837.07 | B10: -5048.08 | C10: 27239.27 | D10: 12476.27 | E10: 19.28 | F10: 7199 | G10: 194.17 | H10: 195.89 | I10: 300.74 | J10: 330.45 | K10: 271.1 | L10: 271.79 | M10: 637.64 | N10: 636.81 | O10: 357.5 | P10: 301.9 | Q10: 32855.62 | R10: 5204.788 | S10: 13540.27 | T10: 0.138 | U10: 13540.408 | V10: -250.66 | W10: 50.03 | X10: 17655.02 | Y10: 1012.141 | Z10: 1152.42 | AA10: 是 | AB10: -4700.52 | AC10: 0 | AD10: 266.67 | AE10: 266.67 | AF10: 250 | AG10: 0 | AH10: 250 | AI10: 6692 | AJ10: 33651.3 | AK10: 40343.3 | AL10: 14977.68 | AM10: 14977.68 | AN10: 0 | AO10: 19.28 | AP10: 250 | AS10: 361 | AT10: 361 | AU10: 250 | AV10: 266.67 | AW10: 361 | AX10: 361 | AY10: 250 | AZ10: 266.67
A11: 32596.87 | B11: -5135.66 | C11: 27389.62 | D11: 12478.88 | E11: 19.25 | F11: 7199 | G11: 195.02 | H11: 195.89 | I11: 300.18 | J11: 330.33 | K11: 270.4 | L11: 270.86 | M11: 637.64 | N11: 637.22 | O11: 361.2 | P11: 305.1 | Q11: 32653.9 | R11: 5083.181 | S11: 13536.536 | T11: 0.142 | U11: 13536.679 | V11: -555.66 | W11: 49.986 | X11: 17668.95 | Y11: 973.922 | Z11: 1134.95 | AA11: 是 | AB11: -4679.509 | AC11: 0 | AD11: 266.67 | AE11: 266.67 | AF11: 250 | AG11: 0 | AH11: 250 | AI11: 6692 | AJ11: 33552 | AK11: 40244 | AL11: 15046.11 | AM11: 15046.11 | AN11: 0 | AO11: 19.25 | AP11: 250 | AS11: 361 | AT11: 361 | AU11: 250 | AV11: 266.67 | AW11: 361 | AX11: 361 | AY11: 250 | AZ11: 266.67
A12: 32551.41 | B12: -5037 | C12: 27213.63 | D12: 12576.89 | E12: 19.44 | F12: 7197 | G12: 195.89 | H12: 195.89 | I12: 300.18 | J12: 330.63 | K12: 270.4 | L12: 271.1 | M12: 637.64 | N12: 636.81 | O12: 361.1 | P12: 300.8 | Q12: 32448.88 | R12: 5070.443 | S12: 13668.387 | T12: 0.139 | U12: 13668.526 | V12: -1172.66 | W12: 50.01 | X12: 17402.39 | Y12: 1435.832 | Z12: 1149.86 | AA12: 是 | AB12: -4690.995 | AC12: 0 | AD12: 266.67 | AE12: 266.67 | AF12: 260 | AG12: 0 | AH12: 260 | AI12: 6692 | AJ12: 33452.7 | AK12: 40144.7 | AL12: 15117.83 | AM12: 15117.83 | AN12: 0 | AO12: 19.44 | AP12: 260 | AS12: 361 | AT12: 361 | AU12: 260 | AV12: 266.67 | AW12: 361 | AX12: 361 | AY12: 260 | AZ12: 266.67
A13: 32343.85 | B13: -5092.14 | C13: 27354.75 | D13: 12869.38 | E13: 19.59 | F13: 7197 | G13: 195.02 | H13: 195.89 | I13: 299.98 | J13: 330.91 | K13: 270.86 | L13: 272.26 | M13: 637.22 | N13: 637.22 | O13: 363.2 | P13: 303.8 | Q13: 32514.06 | R13: 5117.498 | S13: 13872.877 | T13: 0.151 | U13: 13873.029 | V13: -1165.01 | W13: 49.985 | X13: 17494.4 | Y13: 1410.625 | Z13: 1143.09 | AA13: 是 | AB13: -4691.275 | AC13: 0 | AD13: 266.67 | AE13: 266.67 | AF13: 250 | AG13: 0 | AH13: 250 | AI13: 6692 | AJ13: 33353.3 | AK13: 40045.3 | AL13: 15183.14 | AM13: 15183.14 | AN13: 0 | AO13: 19.59 | AP13: 250 | AS13: 361 | AT13: 361 | AU13: 250 | AV13: 266.67 | AW13: 361 | AX13: 361 | AY13: 250 | AZ13: 266.67
A14: 32254.19 | B14: -5265.5 | C14: 27103.94 | D14: 13590.27 | E14: 19.78 | F14: 7197 | G14: 195.89 | H14: 195.89 | I14: 300.59 | J14: 329.77 | K14: 271.1 | L14: 271.1 | M14: 637.64 | N14: 637.22 | O14: 363.5 | P14: 304.1 | Q14: 32629.36 | R14: 5229.835 | S14: 13945.943 | T14: 0.197 | U14: 13946.14 | V14: -1165.61 | W14: 50.028 | X14: 17348.1 | Y14: 1426.172 | Z14: 1142.05 | AA14: 是 | AB14: -4714.947 | AC14: 0 | AD14: 266.67 | AE14: 266.67 | AF14: 250 | AG14: 0 | AH14: 250 | AI14: 6692 | AJ14: 33254 | AK14: 39946 | AL14: 15255.4 | AM14: 15255.4 | AN14: 0 | AO14: 19.78 | AP14: 250 | AS14: 361 | AT14: 361 | AU14: 250 | AV14: 266.67 | AW14: 361 | AX14: 361 | AY14: 250 | AZ14: 266.67
... A97: 33631.73 | B97: -5471.09 | C97: 32724.71 | D97: 9432.43 | E97: 313 | F97: 7199 | G97: 548.8 | H97: 541.11 | I97: 425.73 | J97: 537.67 | K97: 392.28 | L97: 379.25 | M97: 899.1 | N97: 919.25 | O97: 437.9 | P97: 392.2 | Q97: 33635.78 | R97: 5581.238 | S97: 8922.371 | T97: 1.106 | U97: 8923.476 | V97: 50.35 | W97: 50.033 | X97: 12298.73 | Y97: 7576.395 | Z97: 1115.63 | AA97: 是 | AB97: -3772.519 | AC97: 313 | AD97: 0 | AE97: 313 | AF97: 310 | AG97: 0 | AH97: 310 | AI97: 6594 | AJ97: 33981 | AK97: 40575 | AL97: 10891.42 | AM97: 10891.42 | AN97: 0 | AO97: 313 | AP97: 310 | AS97: 450 | AT97: 450 | AU97: 310 | AV97: 313 | AW97: 450 | AX97: 450 | AY97: 310 | AZ97: 313

Sheet 2024年12月24日
A1: 用电负荷(MW) | B1: 外送计划(MW) | C1: 火电总计划(MW) | D1: 新能源总计划(MW) | E1: 用户侧价格(元/MWh) | F1: 特高压雁淮直流外送-电力(MW) | G1: 塔山3# | H1: 塔山4# | I1: 王家岭电厂1#机 | J1: 王家岭电厂2#机 | K1: 神泉1# | L1: 神泉2# | M1: 神泉二期3号机 | N1: 神泉二期4号机 | O1: 紫荆电厂01# | P1: 紫荆电厂02# | Q1: 系统负荷实际值(MW) | R1: 外送实际值(MW) | S1: 风电实际值(MW) | T1: 光伏实际值(MW) | U1: 风光总加实际值(MW) | V1: 水电实际值(MW) | W1: 频率实际值(MW) | X1: 实际上旋备用(MW) | Y1: 实际下旋备用(MW) | Z1: 非市场化机组实际出力(MW) | AA1: 湖关三回线-是否越限 | AB1: 湖关三-潮流(MW) | AC1: 实时节点边际电价-电能量价格(元/MWh) | AD1: 实时节点边际电价-阻塞价格(元/MWh) | AE1: 实时节点边际电价-节点电价(元/MWh) | AF1: 日前节点边际电价-电能量价格(元/MWh) | AG1: 日前节点边际电价-阻塞价格(元/MWh) | AH1: 日前节点边际电价-节点电价(元/MWh) | AI1: 日前联络线电力值(MW) | AJ1: 省内负荷预测电力值(MW) | AK1: 总加电力值(MW) | AL1: 电力值(MW) | AM1: 风电(MW) | AN1: 光伏(MW) | AO1: 实时出清价格(元/MWh) | AP1: 日前出清价格(元/MWh) | AQ1: 日前-出清概况 | AR1: 实时-出清概况 | AS1: 1#日前结果(MW) | AT1: 1#实时结果(MW) | AU1: 1#日前价格(元/MWh) | AV1: 1#实时价格(元/MWh) | AW1: 2#日前结果(MW) | AX1: 2#实时结果(MW) | AY1: 2#日前价格(元/MWh) | AZ1: 2#实时价格(元/MWh)
A2: 35126.29 | B2: -6692 | C2: 44874.62 | D2: 2636.77 | E2: 398 | F2: 7197 | G2: 661.6 | H2: 662.44 | I2: 580.03 | J2: 649.03 | K2: 569.52 | L2: 572.54 | M2: 899.51 | N2: 919.66 | O2: 549.9 | P2: 550.8 | Q2: 35058.67 | R2: 6827.37 | S2: 2830.466 | T2: 0.934 | U2: 2831.4 | V2: 45.17 | W2: 49.966 | X2: 6095.211 | Y2: 15069.63 | Z2: 1169.71 | AA2: 是 | AB2: -3139.937 | AC2: 398 | AD2: 0 | AE2: 398 | AF2: 398.4 | AG2: 0 | AH2: 398.4 | AI2: 6692 | AJ2: 34975 | AK2: 41667 | AL2: 2262.68 | AM2: 2262.68 | AN2: 0 | AO2: 398 | AP2: 398.4 | AQ2: 12月24日,直调用电预测最大负荷4029.50万千瓦，最小3279.87万千瓦；外送电最大898.50万千瓦，最小585.75万千瓦；日前现货市场出清节点电价最大398.40元/MWh，最小0.00元/MWh，算术平均269.98元/MWh；日前现货市场火电机组运行134台，运行机组容量47502.00MW；日前调频市场需求最大值4628.30MW，需求最小值为4166.70MW；中标机组最多25台，中标机组最少21台；中标机组调频性能指标平均值为3.84；边际出清价格最大22.01元/MWh，最小5.00元/MWh；火电机组必开98台次、必开容量30491.00MW，必停23台次、必停容量3093.00MW。 | AR2: 12月24日直调用电实际最大负荷3959.78万千瓦，最小3169.74万千瓦；12月24日日外送电实际安排最大898.50万千瓦，最小585.75万千瓦；12月24日实时现货市场出清价格最大398.40元/MWh，最小0.00元/MWh，算术平均312.83元/MWh；实时现货市场有阻塞，铺吉双断面负载率最高，达到100.00%;湖关三回线断面负载率次高，达到100.00%。 | AS2: 606.7 | AT2: 550 | AU2: 398.4 | AV2: 398 | AW2: 606.7 | AX2: 550 | AY2: 398.4 | AZ2: 398
A3: 35224.34 | B3: -6692 | C3: 44579.9 | D3: 2758.14 | E3: 398.4 | F3: 7197 | G3: 660.73 | H3: 660.73 | I3: 581.13 | J3: 649.13 | K3: 570.22 | L3: 572.54 | M3: 898.69 | N3: 920.07 | O3: 574 | P3: 588 | Q3: 35038.23 | R3: 6682.976 | S3: 3133.257 | T3: 0.966 | U3: 3134.223 | V3: 45.03 | W3: 49.969 | X3: 5608.746 | Y3: 14924.68 | Z3: 1161.5 | AA3: 是 | AB3: -3089.509 | AC3: 398.4 | AD3: 0 | AE3: 398.4 | AF3: 398 | AG3: 0 | AH3: 398 | AI3: 6692 | AJ3: 34870 | AK3: 41562 | AL3: 2412 | AM3: 2412 | AN3: 0 | AO3: 398.4 | AP3: 398 | AS3: 550 | AT3: 581.73 | AU3: 398 | AV3: 398.4 | AW3: 550 | AX3: 581.73 | AY3: 398 | AZ3: 398.4
A4: 34858.66 | B4: -6692 | C4: 43891.82 | D4: 3018.32 | E4: 398.4 | F4: 7197 | G4: 661.6 | H4: 660.73 | I4: 580.84 | J4: 648.95 | K4: 569.29 | L4: 573.94 | M4: 898.69 | N4: 920.48 | O4: 555.2 | P4: 556.4 | Q4: 34843.71 | R4: 6972.621 | S4: 3584.358 | T4: 1.029 | U4: 3585.387 | V4: 45.08 | W4: 49.966 | X4: 5961.242 | Y4: 14798.6 | Z4: 1113.83 | AA4: 是 | AB4: -3142.458 | AC4: 398.4 | AD4: 0 | AE4: 398.4 | AF4: 395.8 | AG4: 0 | AH4: 395.8 | AI4: 6692 | AJ4: 34623 | AK4: 41315 | AL4: 2568.93 | AM4: 2568.93 | AN4: 0 | AO4: 398.4 | AP4: 395.8 | AS4: 550 | AT4: 555.6 | AU4: 395.8 | AV4: 398.4 | AW4: 550 | AX4: 555.6 | AY4: 395.8 | AZ4: 398.4
A5: 34779.93 | B5: -6692 | C5: 43512.91 | D5: 3248.72 | E5: 398.4 | F5: 7195 | G5: 661.6 | H5: 661.6 | I5: 581.69 | J5: 648.84 | K5: 570.68 | L5: 572.54 | M5: 898.28 | N5: 919.66 | O5: 555.2 | P5: 555.3 | Q5: 34767.75 | R5: 6769.814 | S5: 3946.524 | T5: 0.987 | U5: 3947.511 | V5: 45.13 | W5: 50.014 | X5: 6596.809 | Y5: 14192.36 | Z5: 1105.34 | AA5: 是 | AB5: -3142.458 | AC5: 398.4 | AD5: 0 | AE5: 398.4 | AF5: 389 | AG5: 0 | AH5: 389 | AI5: 6692 | AJ5: 34371 | AK5: 41063 | AL5: 2732.1 | AM5: 2732.1 | AN5: 0 | AO5: 398.4 | AP5: 389 | AS5: 550 | AT5: 556.07 | AU5: 389 | AV5: 398.4 | AW5: 550 | AX5: 556.07 | AY5: 389 | AZ5: 398.4
A6: 34483.35 | B6: -6692 | C6: 41617.62 | D6: 3465.71 | E6: 370 | F6: 7199 | G6: 660.73 | H6: 660.73 | I6: 581.11 | J6: 639.78 | K6: 569.99 | L6: 573.24 | M6: 898.69 | N6: 919.66 | O6: 535.8 | P6: 536 | Q6: 34468.61 | R6: 6592.229 | S6: 4092.355 | T6: 0.941 | U6: 4093.297 | V6: 45.27 | W6: 50.011 | X6: 7210.039 | Y6: 13519.19 | Z6: 1113.51 | AA6: 是 | AB6: -3185.601 | AC6: 370 | AD6: 0 | AE6: 370 | AF6: 390 | AG6: 0 | AH6: 390 | AI6: 6692 | AJ6: 34213 | AK6: 40905 | AL6: 2868.04 | AM6: 2868.04 | AN6: 0 | AO6: 370 | AP6: 390 | AS6: 550 | AT6: 536.88 | AU6: 390 | AV6: 370 | AW6: 550 | AX6: 536.88 | AY6: 390 | AZ6: 370
A7: 34171.78 | B7: -6692 | C7: 40883.01 | D7: 3727.35 | E7: 370 | F7: 7199 | G7: 653.03 | H7: 655.6 | I7: 581.66 | J7: 644.83 | K7: 569.06 | L7: 572.78 | M7: 898.69 | N7: 918.84 | O7: 478.3 | P7: 478.6 | Q7: 34120.48 | R7: 6666.062 | S7: 4195.187 | T7: 0.97 | U7: 4196.158 | V7: 45.22 | W7: 49.973 | X7: 7590.449 | Y7: 13167.21 | Z7: 1130.71 | AA7: 是 | AB7: -3285.055 | AC7: 370 | AD7: 0 | AE7: 370 | AF7: 380 | AG7: 0 | AH7: 380 | AI7: 6692 | AJ7: 34057 | AK7: 40749 | AL7: 3030.05 | AM7: 3030.05 | AN7: 0 | AO7: 370 | AP7: 380 | AS7: 550 | AT7: 480.03 | AU7: 380 | AV7: 370 | AW7: 550 | AX7: 480.03 | AY7: 380 | AZ7: 370
A8: 33962.81 | B8: -6692 | C8: 40495.08 | D8: 3961.96 | E8: 360 | F8: 7199 | G8: 651.34 | H8: 652.19 | I8: 580.8 | J8: 644.84 | K8: 570.22 | L8: 572.54 | M8: 899.1 | N8: 919.66 | O8: 467.2 | P8: 467.3 | Q8: 34102.5 | R8: 6673.027 | S8: 4225.036 | T8: 0.963 | U8: 4225.998 | V8: 45.17 | W8: 50.003 | X8: 7618.48 | Y8: 13132.54 | Z8: 1138.14 | AA8: 是 | AB8: -3316.572 | AC8: 360 | AD8: 0 | AE8: 360 | AF8: 372.64 | AG8: 0 | AH8: 372.64 | AI8: 6692 | AJ8: 33919 | AK8: 40611 | AL8: 3148.49 | AM8: 3148.49 | AN8: 0 | AO8: 360 | AP8: 372.64 | AS8: 550 | AT8: 468 | AU8: 372.64 | AV8: 360 | AW8: 550 | AX8: 468 | AY8: 372.64 | AZ8: 360
A9: 33818.96 | B9: -6692 | C9: 40208.53 | D9: 4183.85 | E9: 360 | F9: 7199 | G9: 651.34 | H9: 651.34 | I9: 581.38 | J9: 645.47 | K9: 569.52 | L9: 572.54 | M9: 899.1 | N9: 918.42 | O9: 467.4 | P9: 467.3 | Q9: 34180.07 | R9: 6550.092 | S9: 3962.695 | T9: 0.968 | U9: 3963.663 | V9: 45.08 | W9: 50.005 | X9: 7408.906 | Y9: 13306.47 | Z9: 1126.35 | AA9: 是 | AB9: -3330.439 | AC9: 360 | AD9: 0 | AE9: 360 | AF9: 370 | AG9: 0 | AH9: 370 | AI9: 6692 | AJ9: 33842 | AK9: 40534 | AL9: 3312.15 | AM9: 3312.15 | AN9: 0 | AO9: 360 | AP9: 370 | AS9: 518.02 | AT9: 468 | AU9: 370 | AV9: 360 | AW9: 518.02 | AX9: 468 | AY9: 370 | AZ9: 360
A10: 33749.48 | B10: -7192 | C10: 40874.3 | D10: 4320.93 | E10: 360 | F10: 7199 | G10: 651.34 | H10: 651.34 | I10: 580.52 | J10: 646.63 | K10: 569.52 | L10: 573.48 | M10: 899.51 | N10: 920.07 | O10: 466.4 | P10: 467.7 | Q10: 33903.09 | R10: 7373.948 | S10: 3851.609 | T10: 0.986 | U10: 3852.595 | V10: 45.27 | W10: 49.971 | X10: 6742.473 | Y10: 13874.58 | Z10: 1110.16 | AA10: 是 | AB10: -3311.389 | AC10: 360 | AD10: 0 | AE10: 360 | AF10: 380 | AG10: 0 | AH10: 380 | AI10: 6692 | AJ10: 33752 | AK10: 40444 | AL10: 3478.85 | AM10: 3478.85 | AN10: 0 | AO10: 360 | AP10: 380 | AS10: 550 | AT10: 468 | AU10: 380 | AV10: 360 | AW10: 550 | AX10: 468 | AY10: 380 | AZ10: 360
A11: 33892.34 | B11: -7192 | C11: 41592.78 | D11: 4399.29 | E11: 370 | F11: 7199 | G11: 653.91 | H11: 655.6 | I11: 581.66 | J11: 646.53 | K11: 569.29 | L11: 572.08 | M11: 899.51 | N11: 918.01 | O11: 516.6 | P11: 517.1 | Q11: 33751.95 | R11: 7203.792 | S11: 3843.872 | T11: 0.941 | U11: 3844.813 | V11: 45.22 | W11: 49.994 | X11: 7063.949 | Y11: 13610.29 | Z11: 1116.87 | AA11: 是 | AB11: -3221.741 | AC11: 370 | AD11: 0 | AE11: 370 | AF11: 370 | AG11: 0 | AH11: 370 | AI11: 6692 | AJ11: 33702 | AK11: 40394 | AL11: 3567.65 | AM11: 3567.65 | AN11: 0 | AO11: 370 | AP11: 370 | AS11: 535.24 | AT11: 519.38 | AU11: 370 | AV11: 370 | AW11: 535.24 | AX11: 519.38 | AY11: 370 | AZ11: 370
A12: 33702.09 | B12: -7192 | C12: 41122.65 | D12: 4422.01 | E12: 370 | F12: 7199 | G12: 653.91 | H12: 655.6 | I12: 580.27 | J12: 645.7 | K12: 568.59 | L12: 573.24 | M12: 898.69 | N12: 919.66 | O12: 510 | P12: 508.8 | Q12: 33618.34 | R12: 7134.581 | S12: 3697.747 | T12: 0.948 | U12: 3698.694 | V12: 45.27 | W12: 50.036 | X12: 7127.855 | Y12: 13454.36 | Z12: 1148.32 | AA12: 是 | AB12: -3223.702 | AC12: 370 | AD12: 0 | AE12: 370 | AF12: 370 | AG12: 0 | AH12: 370 | AI12: 6692 | AJ12: 33606 | AK12: 40298 | AL12: 3648.05 | AM12: 3648.05 | AN12: 0 | AO12: 370 | AP12: 370 | AS12: 506.54 | AT12: 510.09 | AU12: 370 | AV12: 370 | AW12: 506.54 | AX12: 510.09 | AY12: 370 | AZ12: 370
A13: 33466.78 | B13: -7192 | C13: 40864.22 | D13: 4308.49 | E13: 370 | F13: 7199 | G13: 653.91 | H13: 653.91 | I13: 581.58 | J13: 645.89 | K13: 569.99 | L13: 572.08 | M13: 899.1 | N13: 920.48 | O13: 480.3 | P13: 481.3 | Q13: 33603.16 | R13: 7274.67 | S13: 3709.462 | T13: 0.963 | U13: 3710.425 | V13: 45.17 | W13: 49.966 | X13: 7017.289 | Y13: 13537.82 | Z13: 1155.48 | AA13: 是 | AB13: -3278.471 | AC13: 370 | AD13: 0 | AE13: 370 | AF13: 370 | AG13: 0 | AH13: 370 | AI13: 6692 | AJ13: 33467 | AK13: 40159 | AL13: 3728.76 | AM13: 3728.76 | AN13: 0 | AO13: 370 | AP13: 370 | AS13: 479.48 | AT13: 480.03 | AU13: 370 | AV13: 370 | AW13: 479.48 | AX13: 480.03 | AY13: 370 | AZ13: 370
A14: 33517.13 | B14: -7192 | C14: 40702.81 | D14: 4192.77 | E14: 365 | F14: 7199 | G14: 651.34 | H14: 652.19 | I14: 581.22 | J14: 645.75 | K14: 569.29 | L14: 572.08 | M14: 899.1 | N14: 919.25 | O14: 467.3 | P14: 467.7 | Q14: 33437.5 | R14: 7272.708 | S14: 4052.974 | T14: 0.979 | U14: 4053.953 | V14: 45.17 | W14: 50.033 | X14: 7534.203 | Y14: 13040.78 | Z14: 1156.13 | AA14: 是 | AB14: -3308.588 | AC14: 365 | AD14: 0 | AE14: 365 | AF14: 370 | AG14: 0 | AH14: 370 | AI14: 6692 | AJ14: 33397 | AK14: 40089 | AL14: 3880.09 | AM14: 3880.09 | AN14: 0 | AO14: 365 | AP14: 370 | AS14: 510.74 | AT14: 468 | AU14: 370 | AV14: 365 | AW14: 510.74 | AX14: 468 | AY14: 370 | AZ14: 365
... A97: 33479.41 | B97: -6446.15 | C97: 28330.78 | D97: 13259.18 | E97: 230.77 | F97: 7199 | G97: 195.02 | H97: 195.02 | I97: 462.47 | J97: 497.68 | K97: 276.68 | L97: 276.45 | M97: 654.49 | N97: 634.35 | O97: 354.2 | P97: 297 | Q97: 33421.46 | R97: 6444.999 | S97: 13241.528 | T97: 0.15 | U97: 13241.678 | V97: 51.43 | W97: 50.036 | X97: 15874.08 | Y97: 3519.975 | Z97: 1080.29 | AA97: 是 | AB97: -4683.15 | AC97: 230 | AD97: 11.11 | AE97: 241.11 | AF97: 269 | AG97: 0 | AH97: 269 | AI97: 6594 | AJ97: 34082 | AK97: 40676 | AL97: 13712.48 | AM97: 13712.48 | AN97: 0 | AO97: 230.77 | AP97: 269 | AS97: 361 | AT97: 361 | AU97: 269 | AV97: 241.11 | AW97: 361 | AX97: 361 | AY97: 269 | AZ97: 241.11

Sheet 2024年12月23日
A1: 用电负荷(MW) | B1: 外送计划(MW) | C1: 火电总计划(MW) | D1: 新能源总计划(MW) | E1: 用户侧价格(元/MWh) | F1: 特高压雁淮直流外送-电力(MW) | G1: 塔山3# | H1: 塔山4# | I1: 王家岭电厂1#机 | J1: 王家岭电厂2#机 | K1: 神泉1# | L1: 神泉2# | M1: 神泉二期3号机 | N1: 神泉二期4号机 | O1: 紫荆电厂01# | P1: 紫荆电厂02# | Q1: 系统负荷实际值(MW) | R1: 外送实际值(MW) | S1: 风电实际值(MW) | T1: 光伏实际值(MW) | U1: 风光总加实际值(MW) | V1: 水电实际值(MW) | W1: 频率实际值(MW) | X1: 实际上旋备用(MW) | Y1: 实际下旋备用(MW) | Z1: 非市场化机组实际出力(MW) | AA1: 湖关三回线-是否越限 | AB1: 湖关三-潮流(MW) | AC1: 实时节点边际电价-电能量价格(元/MWh) | AD1: 实时节点边际电价-阻塞价格(元/MWh) | AE1: 实时节点边际电价-节点电价(元/MWh) | AF1: 日前节点边际电价-电能量价格(元/MWh) | AG1: 日前节点边际电价-阻塞价格(元/MWh) | AH1: 日前节点边际电价-节点电价(元/MWh) | AI1: 日前联络线电力值(MW) | AJ1: 省内负荷预测电力值(MW) | AK1: 总加电力值(MW) | AL1: 电力值(MW) | AM1: 风电(MW) | AN1: 光伏(MW) | AO1: 实时出清价格(元/MWh) | AP1: 日前出清价格(元/MWh) | AQ1: 日前-出清概况 | AR1: 实时-出清概况 | AS1: 1#日前结果(MW) | AT1: 1#实时结果(MW) | AU1: 1#日前价格(元/MWh) | AV1: 1#实时价格(元/MWh) | AW1: 2#日前结果(MW) | AX1: 2#实时结果(MW) | AY1: 2#日前价格(元/MWh) | AZ1: 2#实时价格(元/MWh)
A2: =[1]数据!AO2 -> 35587.26 | B2: =[1]数据!AP2 -> -6882 | C2: =[1]数据!AQ2 -> 46794.03 | D2: =[1]数据!AR2 -> 769.12 | E2: =[1]数据!AS2 -> 1264.09 | F2: =[1]数据!AU2 -> 7178 | G2: 662.44 | H2: 662.44 | I2: 592.28 | J2: 652.48 | K2: 569.29 | L2: 572.54 | M2: 899.51 | N2: 916.78 | O2: 499.5 | P2: 402.5 | Q2: =[1]数据!BF2 -> 35868.59 | R2: =[1]数据!BG2 -> 6609.771 | S2: =[1]数据!BH2 -> 387.373 | T2: =[1]数据!BI2 -> 1.009 | U2: =[1]数据!BJ2 -> 388.382 | V2: =[1]数据!BK2 -> 338.22 | W2: =[1]数据!BL2 -> 49.977 | X2: =[1]数据!BM2 -> 3067.34 | ... Z2: =[1]数据!BO2 -> 1343.21 | AA2: 是 | AB2: =[1]数据!BR2 -> -3246.534 | AC2: 1286 | AD2: 0 | AE2: 1286 | AF2: 1350 | AG2: 0 | AH2: 1350 | AI2: 6692 | AJ2: 34250.4 | AK2: 40942.4 | AL2: 817.27 | AM2: 817.27 | AN2: 0 | AO2: 1264.09 | AP2: 1322.81 | AQ2: 12月23日,直调用电预测最大负荷4070.20万千瓦，最小3316.10万千瓦；外送电最大857.90万千瓦，最小371.57万千瓦；日前现货市场出清节点电价最大1500.00元/MWh，最小0.00元/MWh，算术平均906.88元/MWh；日前现货市场火电机组运行138台，运行机组容量48740.00MW；日前调频市场需求最大值4571.18MW，需求最小值为4230.60MW；中标机组最多27台，中标机组最少24台；中标机组调频性能指标平均值为3.98；边际出清价格最大30.00元/MWh，最小14.00元/MWh；火电机组必开99台次、必开容量30841.00MW，必停21台次、必停容量2805.00MW。 | AR2: 12月23日直调用电实际最大负荷4071.04万千瓦，最小3160.66万千瓦；12月23日日外送电实际安排最大857.90万千瓦，最小371.57万千瓦；12月23日实时现货市场出清价格最大1500.00元/MWh，最小0.00元/MWh，算术平均935.01元/MWh；实时现货市场有阻塞，崛南双断面负载率最高，达到139.00%;盐三II线+平银线断面负载率次高，达到100.00%。 | AS2: 620 | AT2: 620 | AU2: 1350 | AV2: 1286 | AW2: 620 | AX2: 620 | AY2: 1350 | AZ2: 1286
A3: =[1]数据!AO3 -> 35620 | B3: =[1]数据!AP3 -> -6695 | C3: =[1]数据!AQ3 -> 46594.79 | D3: =[1]数据!AR3 -> 736.95 | E3: =[1]数据!AS3 -> 1259.45 | F3: =[1]数据!AU3 -> 7178 | G3: 660.73 | H3: 660.73 | I3: 592.14 | J3: 636.59 | K3: 569.99 | L3: 573.48 | M3: 900.34 | N3: 918.42 | O3: 500.1 | P3: 401.5 | Q3: =[1]数据!BF3 -> 35619.38 | R3: =[1]数据!BG3 -> 6930.978 | S3: =[1]数据!BH3 -> 374.117 | T3: =[1]数据!BI3 -> 0.936 | U3: =[1]数据!BJ3 -> 375.053 | V3: =[1]数据!BK3 -> 337.88 | W3: =[1]数据!BL3 -> 49.966 | X3: =[1]数据!BM3 -> 2982.52 | ... Z3: =[1]数据!BO3 -> 1484.12 | AA3: 是 | AB3: =[1]数据!BR3 -> -3524.725 | AC3: 1281 | AD3: 0 | AE3: 1281 | AF3: 1300 | AG3: 0 | AH3: 1300 | AI3: 6692 | AJ3: 34333 | AK3: 41025 | AL3: 810.24 | AM3: 810.24 | AN3: 0 | AO3: 1259.45 | AP3: 1275.75 | AS3: 620 | AT3: 620 | AU3: 1300 | AV3: 1281 | AW3: 620 | AX3: 620 | AY3: 1300 | AZ3: 1281
A4: =[1]数据!AO4 -> 35607.33 | B4: =[1]数据!AP4 -> -6695 | C4: =[1]数据!AQ4 -> 46610.42 | D4: =[1]数据!AR4 -> 712.72 | E4: =[1]数据!AS4 -> 1275.71 | F4: =[1]数据!AU4 -> 7178 | G4: 660.73 | H4: 661.6 | I4: 591.73 | J4: 655.92 | K4: 569.29 | L4: 573.24 | M4: 899.1 | N4: 917.6 | O4: 500.8 | P4: 401.2 | Q4: =[1]数据!BF4 -> 35520.17 | R4: =[1]数据!BG4 -> 6558.154 | S4: =[1]数据!BH4 -> 359.825 | T4: =[1]数据!BI4 -> 0.977 | U4: =[1]数据!BJ4 -> 360.803 | V4: =[1]数据!BK4 -> -272.62 | W4: =[1]数据!BL4 -> 49.968 | X4: =[1]数据!BM4 -> 2832.582 | ... Z4: =[1]数据!BO4 -> 1494.46 | AA4: 是 | AB4: =[1]数据!BR4 -> -3489.005 | AC4: 1298 | AD4: 0 | AE4: 1298 | AF4: 1200 | AG4: 0 | AH4: 1200 | AI4: 6692 | AJ4: 34075.5 | AK4: 40767.5 | AL4: 806.34 | AM4: 806.34 | AN4: 0 | AO4: 1275.71 | AP4: 1175.99 | AS4: 620 | AT4: 620 | AU4: 1200 | AV4: 1298 | AW4: 620 | AX4: 620 | AY4: 1200 | AZ4: 1298
A5: =[1]数据!AO5 -> 35194.27 | B5: =[1]数据!AP5 -> -6698 | C5: =[1]数据!AQ5 -> 45902.13 | D5: =[1]数据!AR5 -> 698.54 | E5: =[1]数据!AS5 -> 1130.17 | F5: =[1]数据!AU5 -> 7185 | G5: 660.73 | H5: 661.6 | I5: 592.8 | J5: 654.36 | K5: 568.13 | L5: 573.24 | M5: 900.34 | N5: 918.01 | O5: 500.2 | P5: 401.8 | Q5: =[1]数据!BF5 -> 35267.66 | R5: =[1]数据!BG5 -> 6664.994 | S5: =[1]数据!BH5 -> 366.819 | T5: =[1]数据!BI5 -> 0.954 | U5: =[1]数据!BJ5 -> 367.773 | V5: =[1]数据!BK5 -> -4.52 | W5: =[1]数据!BL5 -> 50.033 | X5: =[1]数据!BM5 -> 3253.234 | ... Z5: =[1]数据!BO5 -> 1500.43 | AA5: 是 | AB5: =[1]数据!BR5 -> -3457.628 | AC5: 1150 | AD5: 0 | AE5: 1150 | AF5: 1286 | AG5: 0 | AH5: 1286 | AI5: 6692 | AJ5: 33751.7 | AK5: 40443.7 | AL5: 806.48 | AM5: 806.48 | AN5: 0 | AO5: 1130.17 | AP5: 1266.47 | AS5: 620 | AT5: 620 | AU5: 1286 | AV5: 1150 | AW5: 620 | AX5: 620 | AY5: 1286 | AZ5: 1150
A6: =[1]数据!AO6 -> 35064.02 | B6: =[1]数据!AP6 -> -6716 | C6: =[1]数据!AQ6 -> 46365.76 | D6: =[1]数据!AR6 -> 696.11 | E6: =[1]数据!AS6 -> 1258.19 | F6: =[1]数据!AU6 -> 7185 | G6: 661.6 | H6: 661.6 | I6: 592.95 | J6: 656.7 | K6: 570.22 | L6: 573.24 | M6: 899.51 | N6: 917.6 | O6: 500 | P6: 401.6 | Q6: =[1]数据!BF6 -> 35005.28 | R6: =[1]数据!BG6 -> 6518.319 | S6: =[1]数据!BH6 -> 399.065 | T6: =[1]数据!BI6 -> 1 | U6: =[1]数据!BJ6 -> 400.065 | V6: =[1]数据!BK6 -> -585.02 | W6: =[1]数据!BL6 -> 50 | X6: =[1]数据!BM6 -> 3113.281 | ... Z6: =[1]数据!BO6 -> 1501.71 | AA6: 是 | AB6: =[1]数据!BR6 -> -3502.593 | AC6: 1280 | AD6: 0 | AE6: 1280 | AF6: 1280 | AG6: 0 | AH6: 1280 | AI6: 6692 | AJ6: 33580.8 | AK6: 40272.8 | AL6: 807.14 | AM6: 807.14 | AN6: 0 | AO6: 1258.19 | AP6: 1260.5 | AS6: 620 | AT6: 620 | AU6: 1280 | AV6: 1280 | AW6: 620 | AX6: 620 | AY6: 1280 | AZ6: 1280
A7: =[1]数据!AO7 -> 34773.07 | B7: =[1]数据!AP7 -> -6692 | C7: =[1]数据!AQ7 -> 46906.8 | D7: =[1]数据!AR7 -> 647.73 | E7: =[1]数据!AS7 -> 1276.51 | F7: =[1]数据!AU7 -> 7185 | G7: 660.73 | H7: 662.44 | I7: 592.38 | J7: 654.13 | K7: 569.52 | L7: 572.78 | M7: 899.1 | N7: 918.84 | O7: 501.5 | P7: 402.6 | Q7: =[1]数据!BF7 -> 34674.52 | R7: =[1]数据!BG7 -> 6308.12 | S7: =[1]数据!BH7 -> 407.661 | T7: =[1]数据!BI7 -> 0.994 | U7: =[1]数据!BJ7 -> 408.654 | V7: =[1]数据!BK7 -> -1128.27 | W7: =[1]数据!BL7 -> 49.967 | X7: =[1]数据!BM7 -> 3373.688 | ... Z7: =[1]数据!BO7 -> 1487.84 | AA7: 是 | AB7: =[1]数据!BR7 -> -3474.437 | AC7: 1299 | AD7: 0 | AE7: 1299 | AF7: 1100 | AG7: 0 | AH7: 1100 | AI7: 6692 | AJ7: 33541.5 | AK7: 40233.5 | AL7: 818.02 | AM7: 818.02 | AN7: 0 | AO7: 1276.51 | AP7: 1094.66 | AS7: 620 | AT7: 620 | AU7: 1100 | AV7: 1299 | AW7: 620 | AX7: 620 | AY7: 1100 | AZ7: 1299
A8: =[1]数据!AO8 -> 34612.55 | B8: =[1]数据!AP8 -> -6692 | C8: =[1]数据!AQ8 -> 47363.9 | D8: =[1]数据!AR8 -> 661.85 | E8: =[1]数据!AS8 -> 1326.48 | F8: =[1]数据!AU8 -> 7185 | G8: 661.6 | H8: 661.6 | I8: 592.05 | J8: 653.55 | K8: 571.61 | L8: 572.54 | M8: 899.51 | N8: 918.84 | O8: 500.1 | P8: 401.6 | Q8: =[1]数据!BF8 -> 34700.35 | R8: =[1]数据!BG8 -> 7099.624 | S8: =[1]数据!BH8 -> 419.252 | T8: =[1]数据!BI8 -> 1.027 | U8: =[1]数据!BJ8 -> 420.279 | V8: =[1]数据!BK8 -> -932.52 | W8: =[1]数据!BL8 -> 49.996 | X8: =[1]数据!BM8 -> 2563.023 | ... Z8: =[1]数据!BO8 -> 1465.51 | AA8: 是 | AB8: =[1]数据!BR8 -> -3480.04 | AC8: 1350 | AD8: 0 | AE8: 1350 | AF8: 1135 | AG8: 0 | AH8: 1135 | AI8: 6692 | AJ8: 33407.1 | AK8: 40099.1 | AL8: 831.23 | AM8: 831.23 | AN8: 0 | AO8: 1326.48 | AP8: 1130.01 | AS8: 620 | AT8: 620 | AU8: 1135 | AV8: 1350 | AW8: 620 | AX8: 620 | AY8: 1135 | AZ8: 1350
A9: =[1]数据!AO9 -> 34546.27 | B9: =[1]数据!AP9 -> -6692 | C9: =[1]数据!AQ9 -> 47671.97 | D9: =[1]数据!AR9 -> 642.91 | E9: =[1]数据!AS9 -> 1473.74 | F9: =[1]数据!AU9 -> 7185 | G9: 661.6 | H9: 663.29 | I9: 592.5 | J9: 649.83 | K9: 570.22 | L9: 572.78 | M9: 899.1 | N9: 918.42 | O9: 499.2 | P9: 402.1 | Q9: =[1]数据!BF9 -> 34458.31 | R9: =[1]数据!BG9 -> 6749.941 | S9: =[1]数据!BH9 -> 429.907 | T9: =[1]数据!BI9 -> 1.097 | U9: =[1]数据!BJ9 -> 431.005 | V9: =[1]数据!BK9 -> -1153.27 | W9: =[1]数据!BL9 -> 50.016 | X9: =[1]数据!BM9 -> 3169.348 | ... Z9: =[1]数据!BO9 -> 1214.23 | AA9: 是 | AB9: =[1]数据!BR9 -> -3478.079 | AC9: 1500 | AD9: 0 | AE9: 1500 | AF9: 1270.2 | AG9: 0 | AH9: 1270.2 | AI9: 6692 | AJ9: 33253.2 | AK9: 39945.2 | AL9: 845.67 | AM9: 845.67 | AN9: 0 | AO9: 1473.74 | AP9: 1270.96 | AS9: 620 | AT9: 620 | AU9: 1270.2 | AV9: 1500 | AW9: 620 | AX9: 620 | AY9: 1270.2 | AZ9: 1500
A10: =[1]数据!AO10 -> 34556.14 | B10: =[1]数据!AP10 -> -6692 | C10: =[1]数据!AQ10 -> 46954.59 | D10: =[1]数据!AR10 -> 664.76 | E10: =[1]数据!AS10 -> 1326.21 | F10: =[1]数据!AU10 -> 7185 | G10: 660.73 | H10: 662.44 | I10: 592.84 | J10: 652.38 | K10: 569.52 | L10: 573.24 | M10: 899.1 | N10: 918.42 | O10: 501.2 | P10: 402.5 | Q10: =[1]数据!BF10 -> 34431.48 | R10: =[1]数据!BG10 -> 6705.9 | S10: =[1]数据!BH10 -> 463.677 | T10: =[1]数据!BI10 -> 0.994 | U10: =[1]数据!BJ10 -> 464.672 | V10: =[1]数据!BK10 -> -1165.22 | W10: =[1]数据!BL10 -> 49.966 | X10: =[1]数据!BM10 -> 3284.242 | ... Z10: =[1]数据!BO10 -> 1413.11 | AA10: 是 | AB10: =[1]数据!BR10 -> -3487.044 | AC10: 1350 | AD10: 0 | AE10: 1350 | AF10: 1120 | AG10: 0 | AH10: 1120 | AI10: 6692 | AJ10: 33076.8 | AK10: 39768.8 | AL10: 850.69 | AM10: 850.69 | AN10: 0 | AO10: 1326.21 | AP10: 1120 | AS10: 620 | AT10: 620 | AU10: 1120 | AV10: 1350 | AW10: 620 | AX10: 620 | AY10: 1120 | AZ10: 1350
A11: =[1]数据!AO11 -> 34177.09 | B11: =[1]数据!AP11 -> -6692 | C11: =[1]数据!AQ11 -> 46615.44 | D11: =[1]数据!AR11 -> 655.65 | E11: =[1]数据!AS11 -> 1263.54 | F11: =[1]数据!AU11 -> 7185 | G11: 661.6 | H11: 661.6 | I11: 591.81 | J11: 652.86 | K11: 569.06 | L11: 573.24 | M11: 900.34 | N11: 918.42 | O11: 499.1 | P11: 400.8 | Q11: =[1]数据!BF11 -> 34335.96 | R11: =[1]数据!BG11 -> 6778.464 | S11: =[1]数据!BH11 -> 477.106 | T11: =[1]数据!BI11 -> 0.98 | U11: =[1]数据!BJ11 -> 478.086 | V11: =[1]数据!BK11 -> -1161.42 | W11: =[1]数据!BL11 -> 49.977 | X11: =[1]数据!BM11 -> 3323.691 | ... Z11: =[1]数据!BO11 -> 1168.58 | AA11: 是 | AB11: =[1]数据!BR11 -> -3481.581 | AC11: 1286 | AD11: 0 | AE11: 1286 | AF11: 1051 | AG11: 0 | AH11: 1051 | AI11: 6692 | AJ11: 33115.4 | AK11: 39807.4 | AL11: 858.29 | AM11: 858.29 | AN11: 0 | AO11: 1263.54 | AP11: 1051 | AS11: 620 | AT11: 620 | AU11: 1051 | AV11: 1286 | AW11: 620 | AX11: 620 | AY11: 1051 | AZ11: 1286
A12: =[1]数据!AO12 -> 34301.74 | B12: =[1]数据!AP12 -> -6692 | C12: =[1]数据!AQ12 -> 46959.97 | D12: =[1]数据!AR12 -> 693.83 | E12: =[1]数据!AS12 -> 1326.29 | F12: =[1]数据!AU12 -> 7185 | G12: 660.73 | H12: 662.44 | I12: 592.06 | J12: 651.75 | K12: 569.99 | L12: 572.54 | M12: 899.92 | N12: 918.84 | O12: 499.9 | P12: 401.5 | Q12: =[1]数据!BF12 -> 34288.06 | R12: =[1]数据!BG12 -> 6837.445 | S12: =[1]数据!BH12 -> 555.711 | T12: =[1]数据!BI12 -> 0.989 | U12: =[1]数据!BJ12 -> 556.701 | V12: =[1]数据!BK12 -> -1158.67 | W12: =[1]数据!BL12 -> 49.982 | X12: =[1]数据!BM12 -> 3392.539 | ... Z12: =[1]数据!BO12 -> 1151.05 | AA12: 是 | AB12: =[1]数据!BR12 -> -3481.441 | AC12: 1350 | AD12: 0 | AE12: 1350 | AF12: 1120 | AG12: 0 | AH12: 1120 | AI12: 6692 | AJ12: 33109.5 | AK12: 39801.5 | AL12: 865.37 | AM12: 865.37 | AN12: 0 | AO12: 1326.29 | AP12: 1120 | AS12: 620 | AT12: 620 | AU12: 1120 | AV12: 1350 | AW12: 620 | AX12: 620 | AY12: 1120 | AZ12: 1350
A13: =[1]数据!AO13 -> 34204.54 | B13: =[1]数据!AP13 -> -6692 | C13: =[1]数据!AQ13 -> 47271.35 | D13: =[1]数据!AR13 -> 684.84 | E13: =[1]数据!AS13 -> 1326.26 | F13: =[1]数据!AU13 -> 7185 | G13: 660.73 | H13: 662.44 | I13: 592.63 | J13: 650.69 | K13: 569.99 | L13: 572.54 | M13: 899.51 | N13: 918.42 | O13: 499.8 | P13: 401.7 | Q13: =[1]数据!BF13 -> 34046.73 | R13: =[1]数据!BG13 -> 6755.411 | S13: =[1]数据!BH13 -> 708.046 | T13: =[1]数据!BI13 -> 1.039 | U13: =[1]数据!BJ13 -> 709.085 | V13: =[1]数据!BK13 -> -1157.97 | W13: =[1]数据!BL13 -> 50.027 | X13: =[1]数据!BM13 -> 3868.711 | ... Z13: =[1]数据!BO13 -> 1146.09 | AA13: 是 | AB13: =[1]数据!BR13 -> -3480.46 | AC13: 1350 | AD13: 0 | AE13: 1350 | AF13: 1300 | AG13: 0 | AH13: 1300 | AI13: 6692 | AJ13: 32766.7 | AK13: 39458.7 | AL13: 874.11 | AM13: 874.11 | AN13: 0 | AO13: 1326.26 | AP13: 1301.07 | AS13: 620 | AT13: 620 | AU13: 1300 | AV13: 1350 | AW13: 620 | AX13: 620 | AY13: 1300 | AZ13: 1350
A14: =[1]数据!AO14 -> 34049.3 | B14: =[1]数据!AP14 -> -6692 | C14: =[1]数据!AQ14 -> 47019.23 | D14: =[1]数据!AR14 -> 722.54 | E14: =[1]数据!AS14 -> 1325.69 | F14: =[1]数据!AU14 -> 7185 | G14: 660.73 | H14: 662.44 | I14: 592.64 | J14: 651.86 | K14: 570.68 | L14: 573.24 | M14: 899.51 | N14: 918.42 | O14: 498.4 | P14: 399.2 | Q14: =[1]数据!BF14 -> 33891.74 | R14: =[1]数据!BG14 -> 6714.058 | S14: =[1]数据!BH14 -> 818.476 | T14: =[1]数据!BI14 -> 1.003 | U14: =[1]数据!BJ14 -> 819.479 | V14: =[1]数据!BK14 -> -1153.12 | W14: =[1]数据!BL14 -> 50.028 | X14: =[1]数据!BM14 -> 4181.387 | ... Z14: =[1]数据!BO14 -> 1161.02 | AA14: 是 | AB14: =[1]数据!BR14 -> -3479.2 | AC14: 1350 | AD14: 0 | AE14: 1350 | AF14: 1051 | AG14: 0 | AH14: 1051 | AI14: 6692 | AJ14: 32756.7 | AK14: 39448.7 | AL14: 885.19 | AM14: 885.19 | AN14: 0 | AO14: 1325.69 | AP14: 1051 | AS14: 620 | AT14: 620 | AU14: 1051 | AV14: 1350 | AW14: 620 | AX14: 620 | AY14: 1051 | AZ14: 1350
... A97: =[1]数据!AO97 -> 34450.74 | B97: =[1]数据!AP97 -> -6594 | C97: =[1]数据!AQ97 -> 44511.83 | D97: =[1]数据!AR97 -> 2433.55 | E97: =[1]数据!AS97 -> 650 | F97: =[1]数据!AU97 -> 7195 | G97: 662.44 | H97: 662.44 | I97: 590.63 | J97: 649.3 | K97: 569.99 | L97: 572.78 | M97: 899.92 | N97: 920.48 | O97: 618.6 | P97: 630 | Q97: =[1]数据!BF97 -> 34749.18 | R97: =[1]数据!BG97 -> 6502.584 | S97: =[1]数据!BH97 -> 2577.168 | T97: =[1]数据!BI97 -> 1.003 | U97: =[1]数据!BJ97 -> 2578.171 | V97: =[1]数据!BK97 -> 51.08 | W97: =[1]数据!BL97 -> 50.029 | X97: =[1]数据!BM97 -> 6475.078 | ... Z97: =[1]数据!BO97 -> 1181.57 | AA97: 是 | AB97: =[1]数据!BR97 -> -2968.064 | AC97: 650 | AD97: 0 | AE97: 650 | AF97: 656 | AG97: 0 | AH97: 656 | AI97: 6594 | AJ97: 33520.6 | AK97: 40114.6 | AL97: 1922.04 | AM97: 1922.04 | AN97: 0 | AO97: 650 | AP97: 656 | AS97: 620 | AT97: 620 | AU97: 656 | AV97: 650 | AW97: 620 | AX97: 620 | AY97: 656 | AZ97: 650

Sheet 2024年12月1日
A1: 用电负荷(MW) | B1: 外送计划(MW) | C1: 火电总计划(MW) | D1: 新能源总计划(MW) | E1: 用户侧价格(元/MWh) | F1: 特高压雁淮直流外送-电力(MW) | G1: 塔山3# | H1: 塔山4# | I1: 王家岭电厂1#机 | J1: 王家岭电厂2#机 | K1: 神泉1# | L1: 神泉2# | M1: 神泉二期3号机 | N1: 神泉二期4号机 | O1: 紫荆电厂01# | P1: 紫荆电厂02# | Q1: 系统负荷实际值(MW) | R1: 外送实际值(MW) | S1: 风电实际值(MW) | T1: 光伏实际值(MW) | U1: 风光总加实际值(MW) | V1: 水电实际值(MW) | W1: 频率实际值(MW) | X1: 实际上旋备用(MW) | Y1: 实际下旋备用(MW) | Z1: 非市场化机组实际出力(MW) | AA1: 湖关三回线-是否越限 | AB1: 湖关三-潮流(MW) | AC1: 实时节点边际电价-电能量价格(元/MWh) | AD1: 实时节点边际电价-阻塞价格(元/MWh) | AE1: 实时节点边际电价-节点电价(元/MWh) | AF1: 日前节点边际电价-电能量价格(元/MWh) | AG1: 日前节点边际电价-阻塞价格(元/MWh) | AH1: 日前节点边际电价-节点电价(元/MWh) | AI1: 日前联络线电力值(MW) | AJ1: 省内负荷预测电力值(MW) | AK1: 总加电力值(MW) | AL1: 电力值(MW) | AM1: 风电(MW) | AN1: 光伏(MW) | AO1: 实时出清价格(元/MWh) | AP1: 日前出清价格(元/MWh) | AQ1: 日前-出清概况 | AR1: 实时-出清概况 | AS1: 1#日前结果(MW) | AT1: 1#实时结果(MW) | AU1: 1#日前价格(元/MWh) | AV1: 1#实时价格(元/MWh) | AW1: 2#日前结果(MW) | AX1: 2#实时结果(MW) | AY1: 2#日前价格(元/MWh) | AZ1: 2#实时价格(元/MWh)
A2: 31296.93 | B2: -6449.4 | C2: 29320.21 | D2: 10680.14 | E2: 263 | F2: 5687 | G2: 233.47 | H2: 200.15 | I2: 483.21 | J2: 634.27 | K2: 358.79 | L2: 268.54 | M2: 695.6 | N2: 696.01 | O2: 414.3 | P2: 399.3 | Q2: 31045.95 | R2: 6004.169 | S2: 11156.831 | T2: 3.494 | U2: 11160.326 | V2: 237.93 | W2: 50.035 | X2: 15510.6 | Y2: 4618.199 | Z2: 1493.63 | AA2: 否 | AB2: -3077.042 | AC2: 263 | AD2: 0 | AE2: 263 | AF2: 270 | AG2: 0 | AH2: 270 | AI2: 5937 | AJ2: 31154 | AK2: 37091 | AL2: 10548.43 | AM2: 10548.43 | AN2: 0 | AO2: 263 | AP2: 270 | AQ2: 12月01日,直调用电预测最大负荷3623.50万千瓦，最小2703.10万千瓦；外送电最大886.30万千瓦，最小570.50万千瓦；日前现货市场出清节点电价最大310.00元/MWh，最小0.00元/MWh，算术平均147.57元/MWh；日前现货市场火电机组运行126台，运行机组容量45022.00MW；日前调频市场需求最大值4271.10MW，需求最小值为3751.80MW；中标机组最多23台，中标机组最少22台；中标机组调频性能指标平均值为4.01；边际出清价格最大28.00元/MWh，最小5.00元/MWh；火电机组必开80台次、必开容量25441.00MW，必停25台次、必停容量4240.00MW。 | AR2: 12月01日直调用电实际最大负荷3579.83万千瓦，最小2602.12万千瓦；12月01日日外送电实际安排最大886.30万千瓦，最小570.50万千瓦；12月01日实时现货市场出清价格最大315.00元/MWh，最小0.00元/MWh，算术平均154.25元/MWh；实时现货市场有阻塞，湖关三回线断面负载率最高，达到100.00%;北岳＃1主变断面负载率次高，达到94.00%。 | AS2: 416 | AT2: 416 | AU2: 270 | AV2: 263 | AW2: 416 | AX2: 416 | AY2: 270 | AZ2: 263
A3: 31395.67 | B3: -6449.4 | C3: 28347.93 | D3: 10976.09 | E3: 260 | F3: 5701 | G3: 201.87 | H3: 200.15 | I3: 564.11 | J3: 580.05 | K3: 289.01 | L3: 273.19 | M3: 671.35 | N3: 672.17 | O3: 405.3 | P3: 402.2 | Q3: 31321.32 | R3: 6154.45 | S3: 11155.646 | T3: 3.522 | U3: 11159.168 | V3: 342.63 | W3: 49.991 | X3: 15099.03 | Y3: 4913.637 | Z3: 1483.45 | AA3: 是 | AB3: -3199.189 | AC3: 260 | AD3: 0 | AE3: 260 | AF3: 278 | AG3: 0 | AH3: 278 | AI3: 5937 | AJ3: 31578 | AK3: 37515 | AL3: 10698.49 | AM3: 10698.49 | AN3: 0 | AO3: 260 | AP3: 278 | AS3: 416 | AT3: 401.84 | AU3: 278 | AV3: 260 | AW3: 416 | AX3: 401.84 | AY3: 278 | AZ3: 260
A4: 30983.71 | B4: -6449.4 | C4: 27748.55 | D4: 11182.2 | E4: 260 | F4: 5701 | G4: 200.15 | H4: 201.02 | I4: 544.45 | J4: 537.64 | K4: 273.89 | L4: 265.75 | M4: 649.56 | N4: 641.34 | O4: 396.1 | P4: 389.2 | Q4: 31090.87 | R4: 6632.803 | S4: 11082.052 | T4: 3.502 | U4: 11085.554 | V4: 622.721 | W4: 49.999 | X4: 14778.77 | Y4: 4975.082 | Z4: 1322.25 | AA4: 是 | AB4: -3291.358 | AC4: 260 | AD4: 0 | AE4: 260 | AF4: 270 | AG4: 0 | AH4: 270 | AI4: 5937 | AJ4: 31581 | AK4: 37518 | AL4: 10858.08 | AM4: 10858.08 | AN4: 0 | AO4: 260 | AP4: 270 | AS4: 416 | AT4: 392.53 | AU4: 270 | AV4: 260 | AW4: 416 | AX4: 392.53 | AY4: 270 | AZ4: 260
A5: 30981.4 | B5: -6449.4 | C5: 28111.61 | D5: 11235.18 | E5: 262 | F5: 5701 | G5: 199.3 | H5: 199.3 | I5: 618.94 | J5: 613.23 | K5: 270.86 | L5: 266.44 | M5: 696.42 | N5: 695.6 | O5: 415.7 | P5: 416.7 | Q5: 31008.58 | R5: 6337.203 | S5: 11081.696 | T5: 3.531 | U5: 11085.227 | V5: 518.633 | W5: 50.033 | X5: 15156.45 | Y5: 4733.582 | Z5: 1425.41 | AA5: 是 | AB5: -3153.804 | AC5: 262 | AD5: 0 | AE5: 262 | AF5: 263 | AG5: 0 | AH5: 263 | AI5: 5937 | AJ5: 31441 | AK5: 37378 | AL5: 11034.24 | AM5: 11034.24 | AN5: 0 | AO5: 262 | AP5: 263 | AS5: 416 | AT5: 416 | AU5: 263 | AV5: 262 | AW5: 416 | AX5: 416 | AY5: 263 | AZ5: 262
A6: 30645.99 | B6: -6449.4 | C6: 26936.33 | D6: 11241.89 | E6: 260 | F6: 5701 | G6: 199.3 | H6: 200.15 | I6: 546.3 | J6: 538.47 | K6: 272.49 | L6: 264.12 | M6: 626.54 | N6: 626.12 | O6: 356.3 | P6: 338.6 | Q6: 30464.55 | R6: 6501.774 | S6: 11269.644 | T6: 3.561 | U6: 11273.205 | V6: 507.346 | W6: 49.994 | X6: 15725.65 | Y6: 4163.561 | Z6: 1706.79 | AA6: 是 | AB6: -3420.928 | AC6: 260 | AD6: 0 | AE6: 260 | AF6: 265 | AG6: 0 | AH6: 265 | AI6: 5937 | AJ6: 31274 | AK6: 37211 | AL6: 11240.4 | AM6: 11240.4 | AN6: 0 | AO6: 260 | AP6: 265 | AS6: 416 | AT6: 357.07 | AU6: 265 | AV6: 260 | AW6: 416 | AX6: 357.07 | AY6: 265 | AZ6: 260
A7: 30497.64 | B7: -6449.4 | C7: 27112.03 | D7: 11235.56 | E7: 260 | F7: 5701 | G7: 198.46 | H7: 200.15 | I7: 491.2 | J7: 489.82 | K7: 272.72 | L7: 268.07 | M7: 611.32 | N7: 611.74 | O7: 375.3 | P7: 365.6 | Q7: 30557.04 | R7: 6591.09 | S7: 11360.24 | T7: 3.558 | U7: 11363.798 | V7: 508.689 | W7: 49.964 | X7: 15632.66 | Y7: 4229.848 | Z7: 1598.92 | AA7: 是 | AB7: -3408.322 | AC7: 260 | AD7: 0 | AE7: 260 | AF7: 263 | AG7: 0 | AH7: 263 | AI7: 5937 | AJ7: 31059 | AK7: 36996 | AL7: 11425.11 | AM7: 11425.11 | AN7: 0 | AO7: 260 | AP7: 263 | AS7: 416 | AT7: 379.17 | AU7: 263 | AV7: 260 | AW7: 416 | AX7: 379.17 | AY7: 263 | AZ7: 260
A8: 30425.01 | B8: -6449.4 | C8: 27396.99 | D8: 11207.97 | E8: 260 | F8: 5699 | G8: 198.46 | H8: 200.15 | I8: 567.48 | J8: 567.14 | K8: 270.4 | L8: 269 | M8: 654.9 | N8: 661.89 | O8: 395.7 | P8: 390.7 | Q8: 30328.54 | R8: 6479.643 | S8: 11477.523 | T8: 3.608 | U8: 11481.131 | V8: 504.658 | W8: 49.967 | X8: 16082.33 | Y8: 3842.34 | Z8: 1597.03 | AA8: 是 | AB8: -3271.328 | AC8: 260 | AD8: 0 | AE8: 260 | AF8: 257 | AG8: 0 | AH8: 257 | AI8: 5937 | AJ8: 30860 | AK8: 36797 | AL8: 11602.1 | AM8: 11602.1 | AN8: 0 | AO8: 260 | AP8: 257 | AS8: 331 | AT8: 399.57 | AU8: 257 | AV8: 260 | AW8: 331 | AX8: 399.57 | AY8: 257 | AZ8: 260
A9: 30303.49 | B9: -6449.4 | C9: 26932.77 | D9: 11325.77 | E9: 260 | F9: 5701 | G9: 198.46 | H9: 199.3 | I9: 518.55 | J9: 519.17 | K9: 271.79 | L9: 269 | M9: 632.7 | N9: 630.65 | O9: 387 | P9: 377 | Q9: 30087.75 | R9: 6451.994 | S9: 11515.092 | T9: 3.573 | U9: 11518.664 | V9: 503.105 | W9: 49.974 | X9: 16384.73 | Y9: 3498.068 | Z9: 1588.93 | AA9: 是 | AB9: -3340.805 | AC9: 260 | AD9: 0 | AE9: 260 | AF9: 260 | AG9: 0 | AH9: 260 | AI9: 5937 | AJ9: 30725 | AK9: 36662 | AL9: 11767 | AM9: 11767 | AN9: 0 | AO9: 260 | AP9: 260 | AS9: 399.36 | AT9: 386.53 | AU9: 260 | AV9: 260 | AW9: 399.36 | AX9: 386.53 | AY9: 260 | AZ9: 260
A10: 30058.64 | B10: -6448.45 | C10: 26428.35 | D10: 11472.91 | E10: 260 | F10: 5699 | G10: 198.46 | H10: 200.15 | I10: 490.37 | J10: 486.94 | K10: 272.26 | L10: 270.4 | M10: 617.49 | N10: 614.61 | O10: 381.8 | P10: 366.5 | Q10: 30116.98 | R10: 6390.69 | S10: 11404.056 | T10: 3.567 | U10: 11407.623 | V10: 501.221 | W10: 50.012 | X10: 16310.4 | Y10: 3493.629 | Z10: 1575.58 | AA10: 是 | AB10: -3390.812 | AC10: 260 | AD10: 0 | AE10: 260 | AF10: 260 | AG10: 0 | AH10: 260 | AI10: 5937 | AJ10: 30622 | AK10: 36559 | AL10: 11947.27 | AM10: 11947.27 | AN10: 0 | AO10: 260 | AP10: 260 | AS10: 394.75 | AT10: 378.6 | AU10: 260 | AV10: 260 | AW10: 394.75 | AX10: 378.6 | AY10: 260 | AZ10: 260
A11: 29991.29 | B11: -6448.45 | C11: 25603.82 | D11: 11573.3 | E11: 250 | F11: 5725 | G11: 197.58 | H11: 199.3 | I11: 409.19 | J11: 413.66 | K11: 271.79 | L11: 269 | M11: 543.49 | N11: 543.08 | O11: 334.1 | P11: 302.1 | Q11: 30101.45 | R11: 6490.997 | S11: 11469.77 | T11: 3.559 | U11: 11473.329 | V11: 501.005 | W11: 49.969 | X11: 16278.21 | Y11: 3494.418 | Z11: 1582.03 | AA11: 是 | AB11: -3664.38 | AC11: 250 | AD11: 0 | AE11: 250 | AF11: 260 | AG11: 0 | AH11: 260 | AI11: 5937 | AJ11: 30537 | AK11: 36474 | AL11: 12087.41 | AM11: 12087.41 | AN11: 0 | AO11: 250 | AP11: 260 | AS11: 348.85 | AT11: 331 | AU11: 260 | AV11: 250 | AW11: 348.85 | AX11: 331 | AY11: 260 | AZ11: 250
A12: 29899.87 | B12: -6448.45 | C12: 25442.4 | D12: 11654.29 | E12: 250 | F12: 5749 | G12: 198.46 | H12: 199.3 | I12: 329.96 | J12: 333.57 | K12: 271.1 | L12: 269.23 | M12: 500.32 | N12: 499.91 | O12: 326.7 | P12: 301.8 | Q12: 30001.97 | R12: 6381.47 | S12: 11569.542 | T12: 3.521 | U12: 11573.063 | V12: 499.218 | W12: 50.036 | X12: 16603.01 | Y12: 2581.297 | Z12: 1584.06 | AA12: 是 | AB12: -3776.02 | AC12: 250 | AD12: 0 | AE12: 250 | AF12: 200 | AG12: 0 | AH12: 200 | AI12: 5937 | AJ12: 30456 | AK12: 36393 | AL12: 12243.97 | AM12: 12243.97 | AN12: 0 | AO12: 250 | AP12: 200 | AS12: 331 | AT12: 331 | AU12: 200 | AV12: 250 | AW12: 331 | AX12: 331 | AY12: 200 | AZ12: 250
A13: 29836.83 | B13: -6448.45 | C13: 25177.84 | D13: 11712.54 | E13: 250 | F13: 5771 | G13: 199.3 | H13: 201.02 | I13: 297.77 | J13: 298.21 | K13: 272.49 | L13: 268.54 | M13: 500.73 | N13: 501.15 | O13: 328.2 | P13: 305.2 | Q13: 29965.8 | R13: 6383.122 | S13: 11640.218 | T13: 3.523 | U13: 11643.74 | V13: 500.364 | W13: 50.006 | X13: 16702.44 | Y13: 1988.105 | Z13: 1590.04 | AA13: 是 | AB13: -3789.607 | AC13: 250 | AD13: 0 | AE13: 250 | AF13: 180 | AG13: 0 | AH13: 180 | AI13: 5937 | AJ13: 30327 | AK13: 36264 | AL13: 12386.82 | AM13: 12386.82 | AN13: 0 | AO13: 250 | AP13: 180 | AS13: 331 | AT13: 331 | AU13: 180 | AV13: 250 | AW13: 331 | AX13: 331 | AY13: 180 | AZ13: 250
A14: 29974.85 | B14: -6448.45 | C14: 25777.24 | D14: 11737.47 | E14: 260 | F14: 5869 | G14: 198.46 | H14: 200.15 | I14: 355.33 | J14: 354.25 | K14: 272.26 | L14: 269.23 | M14: 531.16 | N14: 536.91 | O14: 345.8 | P14: 322.7 | Q14: 29853.17 | R14: 6491.795 | S14: 11875.553 | T14: 3.501 | U14: 11879.054 | V14: 498.997 | W14: 50.024 | X14: 16952.33 | Y14: 1766.008 | Z14: 1600.41 | AA14: 是 | AB14: -3792.689 | AC14: 260 | AD14: 0 | AE14: 260 | AF14: 0 | AG14: 0 | AH14: 0 | AI14: 5937 | AJ14: 30130 | AK14: 36067 | AL14: 12547.04 | AM14: 12547.04 | AN14: 0 | AO14: 260 | AP14: 0 | AS14: 330.86 | AT14: 345.73 | AU14: 0 | AV14: 260 | AW14: 330.86 | AX14: 345.73 | AY14: 0 | AZ14: 260
... A97: 30857.87 | B97: -6155.52 | C97: 30277.67 | D97: 8965.08 | E97: 291 | F97: 6034 | G97: 300.97 | H97: 300.13 | I97: 637.36 | J97: 635.94 | K97: 500.44 | L97: 345.76 | M97: 899.51 | N97: 900.34 | O97: 416.7 | P97: 414.4 | Q97: 30878.99 | R97: 6214.468 | S97: 9169.57 | T97: 3.635 | U97: 9173.205 | V97: 289.136 | W97: 50.025 | X97: 13209.91 | Y97: 6533.531 | Z97: 1402.37 | AA97: 否 | AB97: -2784.705 | AC97: 291 | AD97: 0 | AE97: 291 | AF97: 280 | AG97: 0 | AH97: 280 | AI97: 5824 | AJ97: 31070 | AK97: 36894 | AL97: 9552.7 | AM97: 9552.7 | AN97: 0 | AO97: 291 | AP97: 280 | AS97: 416 | AT97: 416 | AU97: 280 | AV97: 291 | AW97: 416 | AX97: 416 | AY97: 280 | AZ97: 291

Sheet 2024年12月2日
A1: 用电负荷(MW) | B1: 外送计划(MW) | C1: 火电总计划(MW) | D1: 新能源总计划(MW) | E1: 用户侧价格(元/MWh) | F1: 特高压雁淮直流外送-电力(MW) | G1: 塔山3# | H1: 塔山4# | I1: 王家岭电厂1#机 | J1: 王家岭电厂2#机 | K1: 神泉1# | L1: 神泉2# | M1: 神泉二期3号机 | N1: 神泉二期4号机 | O1: 紫荆电厂01# | P1: 紫荆电厂02# | Q1: 系统负荷实际值(MW) | R1: 外送实际值(MW) | S1: 风电实际值(MW) | T1: 光伏实际值(MW) | U1: 风光总加实际值(MW) | V1: 水电实际值(MW) | W1: 频率实际值(MW) | X1: 实际上旋备用(MW) | Y1: 实际下旋备用(MW) | Z1: 非市场化机组实际出力(MW) | AA1: 湖关三回线-是否越限 | AB1: 湖关三-潮流(MW) | AC1: 实时节点边际电价-电能量价格(元/MWh) | AD1: 实时节点边际电价-阻塞价格(元/MWh) | AE1: 实时节点边际电价-节点电价(元/MWh) | AF1: 日前节点边际电价-电能量价格(元/MWh) | AG1: 日前节点边际电价-阻塞价格(元/MWh) | AH1: 日前节点边际电价-节点电价(元/MWh) | AL1: 电力值(MW) | AM1: 风电(MW) | AN1: 光伏(MW) | AO1: 实时出清价格(元/MWh) | AP1: 日前出清价格(元/MWh) | AQ1: 日前-出清概况 | AR1: 实时-出清概况 | AS1: 1#日前结果(MW) | AT1: 1#实时结果(MW) | AU1: 1#日前价格(元/MWh) | AV1: 1#实时价格(元/MWh) | AW1: 2#日前结果(MW) | AX1: 2#实时结果(MW) | AY1: 2#日前价格(元/MWh) | AZ1: 2#实时价格(元/MWh)
A2: 31388.02 | B2: -6450.4 | C2: 31031.57 | D2: 8926.22 | E2: 285 | F2: 5928 | G2: 298.41 | H2: 299.28 | I2: 581.73 | J2: 586.75 | K2: 557.43 | L2: 411.59 | M2: 918.42 | N2: 916.37 | O2: 328.1 | P2: 318.4 | Q2: 31678.07 | R2: 6436.993 | S2: 9135.834 | T2: 3.596 | U2: 9139.43 | V2: 340.254 | W2: 50.031 | X2: 12169.09 | Y2: 7311.602 | Z2: 1409.87 | AA2: 否 | AB2: -2703.741 | AC2: 285 | AD2: 0 | AE2: 285 | AF2: 290 | AG2: 0 | AH2: 290 | AL2: 8974 | AM2: 8974 | AN2: 0 | AO2: 285 | AP2: 290 | AQ2: 12月02日,直调用电预测最大负荷3766.20万千瓦，最小2858.50万千瓦；外送电最大883.10万千瓦，最小570.60万千瓦；日前现货市场出清节点电价最大1500.00元/MWh，最小0.00元/MWh，算术平均293.19元/MWh；日前现货市场火电机组运行131台，运行机组容量46590.00MW；日前调频市场需求最大值4413.90MW，需求最小值为3800.20MW；中标机组最多24台，中标机组最少20台；中标机组调频性能指标平均值为4.01；边际出清价格最大30.00元/MWh，最小5.00元/MWh；火电机组必开82台次、必开容量26141.00MW，必停25台次、必停容量3690.00MW。 | AR2: 12月02日直调用电实际最大负荷3706.91万千瓦，最小2780.71万千瓦；12月02日日外送电实际安排最大883.10万千瓦，最小570.60万千瓦；12月02日实时现货市场出清价格最大500.00元/MWh，最小0.00元/MWh，算术平均261.36元/MWh；实时现货市场有阻塞，湖关三回线断面负载率最高，达到100.00%;崛南双断面负载率次高，达到99.00%。 | AS2: 331 | AT2: 331 | AU2: 290 | AV2: 285 | AW2: 331 | AX2: 331 | AY2: 290 | AZ2: 285
A3: 31638.71 | B3: -5450.4 | C3: 30339.98 | D3: 8800.53 | E3: 285 | F3: 5928 | G3: 300.13 | H3: 299.28 | I3: 523.66 | J3: 528.06 | K3: 558.59 | L3: 489.04 | M3: 917.6 | N3: 918.42 | O3: 333.8 | P3: 301.5 | Q3: 31731.25 | R3: 5365.541 | S3: 9003.79 | T3: 3.603 | U3: 9007.393 | V3: 340.875 | W3: 49.98 | X3: 13059.44 | Y3: 6351.328 | Z3: 1403.05 | AA3: 否 | AB3: -2627.82 | AC3: 285 | AD3: 0 | AE3: 285 | AF3: 290 | AG3: 0 | AH3: 290 | AL3: 8815.59 | AM3: 8815.59 | AN3: 0 | AO3: 285 | AP3: 290 | AS3: 331 | AT3: 331 | AU3: 290 | AV3: 285 | AW3: 331 | AX3: 331 | AY3: 290 | AZ3: 285
A4: 31423.26 | B4: -4950.4 | C4: 30100.46 | D4: 8693.84 | E4: 285 | F4: 5928 | G4: 299.28 | H4: 298.41 | I4: 581.67 | J4: 579.17 | K4: 559.75 | L4: 541.84 | M4: 918.01 | N4: 919.66 | O4: 335.8 | P4: 300.3 | Q4: 31405.75 | R4: 4975.125 | S4: 8956.157 | T4: 3.602 | U4: 8959.759 | V4: 341.494 | W4: 49.966 | X4: 13733.34 | Y4: 5630.875 | Z4: 1470.49 | AA4: 否 | AB4: -2591.26 | AC4: 285 | AD4: 0 | AE4: 285 | AF4: 285 | AG4: 0 | AH4: 285 | AL4: 8661.72 | AM4: 8661.72 | AN4: 0 | AO4: 285 | AP4: 285 | AS4: 331 | AT4: 331 | AU4: 285 | AV4: 285 | AW4: 331 | AX4: 331 | AY4: 285 | AZ4: 285
A5: 31410.6 | B5: -4902.4 | C5: 30121.9 | D5: 8588.29 | E5: 287.8 | F5: 5928 | G5: 300.97 | H5: 299.28 | I5: 571.75 | J5: 570.2 | K5: 559.52 | L5: 540.68 | M5: 917.6 | N5: 919.25 | O5: 333.6 | P5: 299.3 | Q5: 31040.27 | R5: 5011.984 | S5: 8895.261 | T5: 3.542 | U5: 8898.803 | V5: 341.917 | W5: 49.976 | X5: 13999.11 | Y5: 5361.189 | Z5: 1459.8 | AA5: 否 | AB5: -2583.276 | AC5: 287.8 | AD5: 0 | AE5: 287.8 | AF5: 285 | AG5: 0 | AH5: 285 | AL5: 8483.06 | AM5: 8483.06 | AN5: 0 | AO5: 287.8 | AP5: 285 | AS5: 331 | AT5: 331 | AU5: 285 | AV5: 287.8 | AW5: 331 | AX5: 331 | AY5: 285 | AZ5: 287.8
A6: 31010.65 | B6: -4902.4 | C6: 29551.92 | D6: 8433.15 | E6: 282.2 | F6: 5928 | G6: 300.97 | H6: 300.13 | I6: 493.59 | J6: 490.33 | K6: 560.68 | L6: 542.31 | M6: 918.01 | N6: 915.14 | O6: 333.2 | P6: 304.9 | Q6: 31018.51 | R6: 4796.47 | S6: 8843.241 | T6: 3.584 | U6: 8846.825 | V6: 341.793 | W6: 50.03 | X6: 14175.27 | Y6: 5280.961 | Z6: 1440.97 | AA6: 否 | AB6: -2580.474 | AC6: 282.2 | AD6: 0 | AE6: 282.2 | AF6: 290 | AG6: 0 | AH6: 290 | AL6: 8297.9 | AM6: 8297.9 | AN6: 0 | AO6: 282.2 | AP6: 290 | AS6: 331 | AT6: 331 | AU6: 290 | AV6: 282.2 | AW6: 331 | AX6: 331 | AY6: 290 | AZ6: 282.2
A7: 30685.82 | B7: -4902.4 | C7: 29171.37 | D7: 8339.59 | E7: 282.1 | F7: 5928 | G7: 300.13 | H7: 299.28 | I7: 412.27 | J7: 411.26 | K7: 560.45 | L7: 540.91 | M7: 917.19 | N7: 919.66 | O7: 334.3 | P7: 305.6 | Q7: 30838.84 | R7: 4994.87 | S7: 8642.698 | T7: 3.427 | U7: 8646.126 | V7: 342.098 | W7: 49.992 | X7: 13963.72 | Y7: 5596.457 | Z7: 1424.25 | AA7: 否 | AB7: -2574.311 | AC7: 282.1 | AD7: 0 | AE7: 282.1 | AF7: 282.2 | AG7: 0 | AH7: 282.2 | AL7: 8129.11 | AM7: 8129.11 | AN7: 0 | AO7: 282.1 | AP7: 282.2 | AS7: 331 | AT7: 331 | AU7: 282.2 | AV7: 282.1 | AW7: 331 | AX7: 331 | AY7: 282.2 | AZ7: 282.1
A8: 30755.22 | B8: -4902.4 | C8: 29624.93 | D8: 8250.06 | E8: 285 | F8: 5928 | G8: 300.13 | H8: 298.41 | I8: 380.33 | J8: 376.07 | K8: 559.75 | L8: 540.68 | M8: 918.01 | N8: 920.48 | O8: 332.8 | P8: 305.4 | Q8: 30827.69 | R8: 4782.687 | S8: 8361.737 | T8: 3.492 | U8: 8365.228 | V8: 341.818 | W8: 50.02 | X8: 13908.05 | Y8: 5568.406 | Z8: 1419.78 | AA8: 否 | AB8: -2579.213 | AC8: 285 | AD8: 0 | AE8: 285 | AF8: 285 | AG8: 0 | AH8: 285 | AL8: 7969.34 | AM8: 7969.34 | AN8: 0 | AO8: 285 | AP8: 285 | AS8: 331 | AT8: 331 | AU8: 285 | AV8: 285 | AW8: 331 | AX8: 331 | AY8: 285 | AZ8: 285
A9: 30545.09 | B9: -4902.4 | C9: 29806.28 | D9: 8133.81 | E9: 285 | F9: 5928 | G9: 300.13 | H9: 299.28 | I9: 450.83 | J9: 455.58 | K9: 559.98 | L9: 540.68 | M9: 918.01 | N9: 920.48 | O9: 334.6 | P9: 305.7 | Q9: 30594.36 | R9: 4929.062 | S9: 8239.266 | T9: 3.412 | U9: 8242.678 | V9: 342.393 | W9: 50.005 | X9: 13864.77 | Y9: 5452.641 | Z9: 1420.12 | AA9: 否 | AB9: -2575.292 | AC9: 285 | AD9: 0 | AE9: 285 | AF9: 282.2 | AG9: 0 | AH9: 282.2 | AL9: 7782.45 | AM9: 7782.45 | AN9: 0 | AO9: 285 | AP9: 282.2 | AS9: 331 | AT9: 331 | AU9: 282.2 | AV9: 285 | AW9: 331 | AX9: 331 | AY9: 282.2 | AZ9: 285
A10: 30633.22 | B10: -4390 | C10: 29712.05 | D10: 7979.16 | E10: 290 | F10: 5928 | G10: 347.99 | H10: 347.99 | I10: 531.36 | J10: 535.08 | K10: 562.08 | L10: 540.91 | M10: 918.01 | N10: 915.55 | O10: 334.4 | P10: 305.7 | Q10: 30679.49 | R10: 4405.681 | S10: 7975.56 | T10: 3.499 | U10: 7979.059 | V10: 341.601 | W10: 49.978 | X10: 14034.34 | Y10: 5364.986 | Z10: 1404.25 | AA10: 否 | AB10: -2579.354 | AC10: 290 | AD10: 0 | AE10: 290 | AF10: 297.8 | AG10: 0 | AH10: 297.8 | AL10: 7540.36 | AM10: 7540.36 | AN10: 0 | AO10: 290 | AP10: 297.8 | AS10: 331 | AT10: 331 | AU10: 297.8 | AV10: 290 | AW10: 331 | AX10: 331 | AY10: 297.8 | AZ10: 290
A11: 30542.57 | B11: -4390 | C11: 29996.12 | D11: 7768.69 | E11: 290 | F11: 5946 | G11: 413.77 | H11: 411.21 | I11: 610.84 | J11: 613.17 | K11: 566.5 | L11: 540.91 | M11: 917.6 | N11: 920.48 | O11: 334 | P11: 306 | Q11: 30421.75 | R11: 4385.516 | S11: 7778.521 | T11: 3.505 | U11: 7782.026 | V11: 341.8 | W11: 50.013 | X11: 14112.05 | Y11: 5508.324 | Z11: 1399.75 | AA11: 否 | AB11: -2587.058 | AC11: 290 | AD11: 0 | AE11: 290 | AF11: 290 | AG11: 0 | AH11: 290 | AL11: 7370.37 | AM11: 7370.37 | AN11: 0 | AO11: 290 | AP11: 290 | AS11: 331 | AT11: 331 | AU11: 290 | AV11: 290 | AW11: 331 | AX11: 331 | AY11: 290 | AZ11: 290
A12: 30249.44 | B12: -4390 | C12: 29929.5 | D12: 7602.99 | E12: 290 | F12: 5948 | G12: 359.09 | H12: 359.09 | I12: 633.05 | J12: 640.02 | K12: 566.5 | L12: 541.38 | M12: 917.6 | N12: 919.66 | O12: 334.2 | P12: 306.2 | Q12: 30474.02 | R12: 4361.341 | S12: 7624.393 | T12: 3.491 | U12: 7627.884 | V12: 341.249 | W12: 50.014 | X12: 13927.41 | Y12: 5699.09 | Z12: 1394.89 | AA12: 否 | AB12: -2587.338 | AC12: 290 | AD12: 0 | AE12: 290 | AF12: 300 | AG12: 0 | AH12: 300 | AL12: 7206.8 | AM12: 7206.8 | AN12: 0 | AO12: 290 | AP12: 300 | AS12: 334.4 | AT12: 331 | AU12: 300 | AV12: 290 | AW12: 334.4 | AX12: 331 | AY12: 300 | AZ12: 290
A13: 30271.68 | B13: -4390 | C13: 29941.5 | D13: 7519.7 | E13: 290 | F13: 5948 | G13: 358.25 | H13: 356.53 | I13: 636.05 | J13: 636.89 | K13: 562.54 | L13: 539.98 | M13: 917.19 | N13: 915.96 | O13: 334 | P13: 305.7 | Q13: 30230.88 | R13: 4428.165 | S13: 7451.162 | T13: 3.399 | U13: 7454.561 | V13: 342.614 | W13: 49.982 | X13: 13934.49 | Y13: 5685.77 | Z13: 1399.67 | AA13: 否 | AB13: -2600.505 | AC13: 290 | AD13: 0 | AE13: 290 | AF13: 298 | AG13: 0 | AH13: 298 | AL13: 7040.68 | AM13: 7040.68 | AN13: 0 | AO13: 290 | AP13: 298 | AS13: 331 | AT13: 331 | AU13: 298 | AV13: 290 | AW13: 331 | AX13: 331 | AY13: 298 | AZ13: 290
A14: 30403.34 | B14: -4390 | C14: 30363.24 | D14: 7298.91 | E14: 300 | F14: 5952 | G14: 448.82 | H14: 446.25 | I14: 635.98 | J14: 637.59 | K14: 568.13 | L14: 540.91 | M14: 918.01 | N14: 920.48 | O14: 343.4 | P14: 318.3 | Q14: 30379.42 | R14: 4525.038 | S14: 7282.074 | T14: 3.378 | U14: 7285.452 | V14: 343.015 | W14: 50.019 | X14: 13513.83 | Y14: 6105.531 | Z14: 1412.94 | AA14: 否 | AB14: -2574.311 | AC14: 300 | AD14: 0 | AE14: 300 | AF14: 300 | AG14: 0 | AH14: 300 | AL14: 6871.44 | AM14: 6871.44 | AN14: 0 | AO14: 300 | AP14: 300 | AS14: 365 | AT14: 340.63 | AU14: 300 | AV14: 300 | AW14: 365 | AX14: 340.63 | AY14: 300 | AZ14: 300
... A97: 31142.59 | B97: -5827 | C97: 27773.48 | D97: 11224.58 | E97: 250 | F97: 5987 | G97: 227.5 | H97: 226.66 | I97: 301.37 | J97: 299.85 | K97: 377.39 | L97: 379.95 | M97: 768.37 | N97: 765.9 | O97: 326.7 | P97: 299.6 | Q97: 31115.26 | R97: 5882.534 | S97: 11705.184 | T97: 3.972 | U97: 11709.155 | V97: 441.876 | W97: 50.005 | X97: 16980.97 | Y97: 2515.98 | Z97: 1521.18 | AA97: 是 | AB97: -3291.078 | AC97: 250 | AD97: 0 | AE97: 250 | AF97: 280 | AG97: 0 | AH97: 280 | AL97: 7341.37 | AM97: 7341.37 | AN97: 0 | AO97: 250 | AP97: 280 | AS97: 331 | AT97: 331 | AU97: 280 | AV97: 250 | AW97: 331 | AX97: 331 | AY97: 280 | AZ97: 250

Sheet 2024年12月3日
A1: 用电负荷(MW) | B1: 外送计划(MW) | C1: 火电总计划(MW) | D1: 新能源总计划(MW) | E1: 用户侧价格(元/MWh) | F1: 特高压雁淮直流外送-电力(MW) | G1: 塔山3# | H1: 塔山4# | I1: 王家岭电厂1#机 | J1: 王家岭电厂2#机 | K1: 神泉1# | L1: 神泉2# | M1: 神泉二期3号机 | N1: 神泉二期4号机 | O1: 紫荆电厂01# | P1: 紫荆电厂02# | Q1: 系统负荷实际值(MW) | R1: 外送实际值(MW) | S1: 风电实际值(MW) | T1: 光伏实际值(MW) | U1: 风光总加实际值(MW) | V1: 水电实际值(MW) | W1: 频率实际值(MW) | X1: 实际上旋备用(MW) | Y1: 实际下旋备用(MW) | Z1: 非市场化机组实际出力(MW) | AB1: 湖关三-潮流(MW) | AC1: 实时节点边际电价-电能量价格(元/MWh) | AD1: 实时节点边际电价-阻塞价格(元/MWh) | AE1: 实时节点边际电价-节点电价(元/MWh) | AF1: 日前节点边际电价-电能量价格(元/MWh) | AG1: 日前节点边际电价-阻塞价格(元/MWh) | AH1: 日前节点边际电价-节点电价(元/MWh) | AI1: 日前联络线电力值(MW) | AJ1: 省内负荷预测电力值(MW) | AK1: 总加电力值(MW) | AL1: 电力值(MW) | AM1: 风电(MW) | AN1: 光伏(MW) | AO1: 实时出清价格(元/MWh) | AP1: 日前出清价格(元/MWh) | AQ1: 日前-出清概况 | AR1: 实时-出清概况 | AS1: 1#日前结果(MW) | AT1: 1#实时结果(MW) | AU1: 1#日前价格(元/MWh) | AV1: 1#实时价格(元/MWh) | AW1: 2#日前结果(MW) | AX1: 2#实时结果(MW) | AY1: 2#日前价格(元/MWh) | AZ1: 2#实时价格(元/MWh)
A2: 31755.99 | B2: -6806.36 | C2: 29216.95 | D2: 11430.72 | E2: 261 | F2: 6581 | G2: 246.29 | H2: 248.01 | I2: 300.79 | J2: 297.16 | K2: 447.17 | L2: 450.2 | M2: 832.09 | N2: 831.27 | O2: 333.5 | P2: 298 | Q2: 31726.26 | R2: 6976.549 | S2: 11709.969 | T2: 3.995 | U2: 11713.963 | V2: 551.708 | W2: 49.994 | X2: 15286.25 | Y2: 3942.711 | Z2: 1529.27 | AB2: -3623.618 | AC2: 261 | AD2: 0 | AE2: 261 | AF2: 270 | AG2: 0 | AH2: 270 | AI2: 5938 | AJ2: 31723 | AK2: 37661 | AL2: 10283.22 | AM2: 10283.22 | AN2: 0 | AO2: 261 | AP2: 270 | AQ2: 12月03日,直调用电预测最大负荷3766.64万千瓦，最小2853.24万千瓦；外送电最大899.59万千瓦，最小616.35万千瓦；日前现货市场出清节点电价最大692.48元/MWh，最小0.00元/MWh，算术平均246.70元/MWh；日前现货市场火电机组运行136台，运行机组容量47625.00MW；日前调频市场需求最大值4414.34MW，需求最小值为3925.35MW；中标机组最多24台，中标机组最少20台；中标机组调频性能指标平均值为4.06；边际出清价格最大30.00元/MWh，最小5.00元/MWh；火电机组必开87台次、必开容量27841.00MW，必停24台次、必停容量4055.00MW。 | AR2: 12月03日直调用电实际最大负荷3716.43万千瓦，最小2693.40万千瓦；12月03日日外送电实际安排最大899.59万千瓦，最小616.35万千瓦；12月03日实时现货市场出清价格最大1426.66元/MWh，最小0.00元/MWh，算术平均244.23元/MWh；实时现货市场有阻塞，崛南双断面负载率最高，达到111.00%;湖关三回线断面负载率次高，达到104.00%。 | AS2: 331 | AT2: 331 | AU2: 270 | AV2: 261 | AW2: 331 | AX2: 331 | AY2: 270 | AZ2: 261
A3: 31913.01 | B3: -7302.1 | C3: 29801.28 | D3: 11542.62 | E3: 260 | F3: 7181 | G3: 248.86 | H3: 248.01 | I3: 301.21 | J3: 298.98 | K3: 502.53 | L3: 491.13 | M3: 878.14 | N3: 878.14 | O3: 334.4 | P3: 304.7 | Q3: 31937.95 | R3: 7349.007 | S3: 11623.741 | T3: 3.933 | U3: 11627.675 | V3: 551.819 | W3: 49.98 | X3: 14619.85 | Y3: 4668.609 | Z3: 1535.01 | AB3: -4040.203 | AC3: 260 | AD3: 0 | AE3: 260 | AF3: 270 | AG3: 0 | AH3: 270 | AI3: 5938 | AJ3: 32040 | AK3: 37978 | AL3: 10340.2 | AM3: 10340.2 | AN3: 0 | AO3: 260 | AP3: 270 | AS3: 331 | AT3: 331 | AU3: 270 | AV3: 260 | AW3: 331 | AX3: 331 | AY3: 270 | AZ3: 260
A4: 31631.17 | B4: -7276.76 | C4: 29945.78 | D4: 11437.4 | E4: 261 | F4: 7193 | G4: 249.73 | H4: 248.01 | I4: 301.04 | J4: 300.99 | K4: 483.46 | L4: 486.48 | M4: 895.4 | N4: 895.4 | O4: 336.9 | P4: 305.7 | Q4: 31867.27 | R4: 7306.216 | S4: 11603.125 | T4: 3.884 | U4: 11607.008 | V4: 553.114 | W4: 49.967 | X4: 14722.22 | Y4: 4857.59 | Z4: 1648.59 | AB4: -4039.082 | AC4: 261 | AD4: 0 | AE4: 261 | AF4: 270 | AG4: 0 | AH4: 270 | AI4: 5938 | AJ4: 32064 | AK4: 38002 | AL4: 10395.11 | AM4: 10395.11 | AN4: 0 | AO4: 261 | AP4: 270 | AS4: 331 | AT4: 331 | AU4: 270 | AV4: 261 | AW4: 331 | AX4: 331 | AY4: 270 | AZ4: 261
A5: 31478.67 | B5: -7249.95 | C5: 29884.56 | D5: 11401.4 | E5: 261 | F5: 7191 | G5: 248.86 | H5: 248.01 | I5: 299.98 | J5: 300.48 | K5: 505.09 | L5: 507.65 | M5: 916.78 | N5: 917.19 | O5: 332.5 | P5: 304.2 | Q5: 31721.96 | R5: 7254.842 | S5: 11585.661 | T5: 3.876 | U5: 11589.538 | V5: 553.828 | W5: 50.03 | X5: 14887.97 | Y5: 5032.086 | Z5: 1658.31 | AB5: -3955.738 | AC5: 261 | AD5: 0 | AE5: 261 | AF5: 270 | AG5: 0 | AH5: 270 | AI5: 5938 | AJ5: 31901 | AK5: 37839 | AL5: 10439.66 | AM5: 10439.66 | AN5: 0 | AO5: 261 | AP5: 270 | AS5: 331 | AT5: 331 | AU5: 270 | AV5: 261 | AW5: 331 | AX5: 331 | AY5: 270 | AZ5: 261
A6: 31334.86 | B6: -7250.51 | C6: 29695.21 | D6: 11396.52 | E6: 260 | F6: 7193 | G6: 249.73 | H6: 249.73 | I6: 298.56 | J6: 301.14 | K6: 477.64 | L6: 479.04 | M6: 878.14 | N6: 895.81 | O6: 332.8 | P6: 303.8 | Q6: 31594.42 | R6: 7318.698 | S6: 11615.538 | T6: 3.891 | U6: 11619.428 | V6: 553.36 | W6: 49.996 | X6: 14983.7 | Y6: 5230.105 | Z6: 1654.87 | AB6: -4067.798 | AC6: 260 | AD6: 0 | AE6: 260 | AF6: 263 | AG6: 0 | AH6: 263 | AI6: 5938 | AJ6: 31686 | AK6: 37624 | AL6: 10457.59 | AM6: 10457.59 | AN6: 0 | AO6: 260 | AP6: 263 | AS6: 331 | AT6: 331 | AU6: 263 | AV6: 260 | AW6: 331 | AX6: 331 | AY6: 263 | AZ6: 260
A7: 31335 | B7: -7457.82 | C7: 30155.29 | D7: 11297.99 | E7: 269 | F7: 7191 | G7: 249.73 | H7: 248.01 | I7: 300.27 | J7: 298.36 | K7: 512.3 | L7: 509.05 | M7: 912.26 | N7: 913.49 | O7: 332.1 | P7: 304.8 | Q7: 31222.52 | R7: 7535.893 | S7: 11683.984 | T7: 3.94 | U7: 11687.924 | V7: 554.226 | W7: 50.033 | X7: 15210.66 | Y7: 5231.904 | Z7: 1657.25 | AB7: -3954.336 | AC7: 269 | AD7: 0 | AE7: 269 | AF7: 252 | AG7: 0 | AH7: 252 | AI7: 5938 | AJ7: 31560 | AK7: 37498 | AL7: 10461.99 | AM7: 10461.99 | AN7: 0 | AO7: 269 | AP7: 252 | AS7: 331 | AT7: 331 | AU7: 252 | AV7: 269 | AW7: 331 | AX7: 331 | AY7: 252 | AZ7: 269
A8: 31272.3 | B8: -7256.08 | C8: 29785 | D8: 11217.44 | E8: 260 | F8: 7193 | G8: 249.73 | H8: 248.01 | I8: 300.24 | J8: 300.02 | K8: 443.92 | L8: 446.94 | M8: 888.82 | N8: 889.65 | O8: 333.9 | P8: 303.5 | Q8: 31254.46 | R8: 7449.708 | S8: 11782.024 | T8: 3.89 | U8: 11785.913 | V8: 522.989 | W8: 50.001 | X8: 15345.21 | Y8: 5169.414 | Z8: 1663.04 | AB8: -4116.544 | AC8: 260 | AD8: 0 | AE8: 260 | AF8: 260 | AG8: 0 | AH8: 260 | AI8: 5938 | AJ8: 31460 | AK8: 37398 | AL8: 10457.07 | AM8: 10457.07 | AN8: 0 | AO8: 260 | AP8: 260 | AS8: 331 | AT8: 331 | AU8: 260 | AV8: 260 | AW8: 331 | AX8: 331 | AY8: 260 | AZ8: 260
A9: 30956.7 | B9: -7460.39 | C9: 28787.97 | D9: 11213.08 | E9: 250 | F9: 7193 | G9: 224.94 | H9: 222.37 | I9: 300.32 | J9: 300.03 | K9: 397.4 | L9: 397.63 | M9: 846.89 | N9: 841.14 | O9: 332.4 | P9: 305 | Q9: 31081.25 | R9: 7430.886 | S9: 11743.285 | T9: 3.913 | U9: 11747.197 | V9: 551.739 | W9: 50.028 | X9: 15499.84 | Y9: 4885.918 | Z9: 1671.43 | AB9: -4304.666 | AC9: 250 | AD9: 0 | AE9: 250 | AF9: 252 | AG9: 0 | AH9: 252 | AI9: 5938 | AJ9: 31316 | AK9: 37254 | AL9: 10441.19 | AM9: 10441.19 | AN9: 0 | AO9: 250 | AP9: 252 | AS9: 331 | AT9: 331 | AU9: 252 | AV9: 250 | AW9: 331 | AX9: 331 | AY9: 252 | AZ9: 250
A10: 31019.97 | B10: -7362.7 | C10: 28938.65 | D10: 11220.63 | E10: 252 | F10: 7193 | G10: 251.42 | H10: 248.86 | I10: 301.31 | J10: 301.95 | K10: 345.99 | L10: 345.99 | M10: 867.04 | N10: 866.21 | O10: 332.6 | P10: 304 | Q10: 30874.66 | R10: 7443.55 | S10: 11545.528 | T10: 3.837 | U10: 11549.365 | V10: 554.617 | W10: 50.014 | X10: 15508.57 | Y10: 4856.02 | Z10: 1612.1 | AB10: -4361.116 | AC10: 252 | AD10: 0 | AE10: 252 | AF10: 255 | AG10: 0 | AH10: 255 | AI10: 5938 | AJ10: 31230 | AK10: 37168 | AL10: 10401.46 | AM10: 10401.46 | AN10: 0 | AO10: 252 | AP10: 255 | AS10: 331 | AT10: 331 | AU10: 255 | AV10: 252 | AW10: 331 | AX10: 331 | AY10: 255 | AZ10: 252
A11: 31026.91 | B11: -7553.48 | C11: 29076.13 | D11: 11253.42 | E11: 252 | F11: 7193 | G11: 250.57 | H11: 248.01 | I11: 301.13 | J11: 302.79 | K11: 343.67 | L11: 344.83 | M11: 796.74 | N11: 874.02 | O11: 331.8 | P11: 303.7 | Q11: 30966.07 | R11: 7490.68 | S11: 11447.395 | T11: 3.816 | U11: 11451.212 | V11: 554.602 | W11: 50.033 | X11: 15273.36 | Y11: 5070.605 | Z11: 1630.59 | AB11: -4432.135 | AC11: 252 | AD11: 0 | AE11: 252 | AF11: 252 | AG11: 0 | AH11: 252 | AI11: 5938 | AJ11: 31164 | AK11: 37102 | AL11: 10362.65 | AM11: 10362.65 | AN11: 0 | AO11: 252 | AP11: 252 | AS11: 331 | AT11: 331 | AU11: 252 | AV11: 252 | AW11: 331 | AX11: 331 | AY11: 252 | AZ11: 252
A12: 30718.24 | B12: -7328.36 | C12: 28931.56 | D12: 11236.36 | E12: 252 | F12: 7195 | G12: 249.73 | H12: 248.86 | I12: 300.52 | J12: 302.76 | K12: 343.9 | L12: 345.76 | M12: 818.52 | N12: 863.75 | O12: 332.3 | P12: 304.1 | Q12: 30726.5 | R12: 7478.559 | S12: 11406.554 | T12: 3.837 | U12: 11410.392 | V12: 556.283 | W12: 50.033 | X12: 15481.68 | Y12: 4857.092 | Z12: 1622.34 | AB12: -4420.368 | AC12: 252 | AD12: 0 | AE12: 252 | AF12: 260 | AG12: 0 | AH12: 260 | AI12: 5938 | AJ12: 31054 | AK12: 36992 | AL12: 10313.61 | AM12: 10313.61 | AN12: 0 | AO12: 252 | AP12: 260 | AS12: 331 | AT12: 331 | AU12: 260 | AV12: 252 | AW12: 331 | AX12: 331 | AY12: 260 | AZ12: 252
A13: 30711.73 | B13: -7259.26 | C13: 29172.92 | D13: 11222.76 | E13: 252 | F13: 7193 | G13: 250.57 | H13: 248.86 | I13: 300.95 | J13: 303.29 | K13: 286.91 | L13: 331.57 | M13: 860.87 | N13: 868.68 | O13: 333 | P13: 332.1 | Q13: 30654.09 | R13: 7214.277 | S13: 11156.881 | T13: 3.829 | U13: 11160.709 | V13: 554.641 | W13: 50.013 | X13: 15570.48 | Y13: 4793.578 | Z13: 1618.07 | AB13: -4419.668 | AC13: 252 | AD13: 0 | AE13: 252 | AF13: 260 | AG13: 0 | AH13: 260 | AI13: 5938 | AJ13: 30966 | AK13: 36904 | AL13: 10263.38 | AM13: 10263.38 | AN13: 0 | AO13: 252 | AP13: 260 | AS13: 331 | AT13: 331 | AU13: 260 | AV13: 252 | AW13: 331 | AX13: 331 | AY13: 260 | AZ13: 252
A14: 30622.1 | B14: -7325.16 | C14: 29487.35 | D14: 11023.44 | E14: 255 | F14: 7195 | G14: 250.57 | H14: 249.73 | I14: 300.87 | J14: 301.7 | K14: 355.76 | L14: 399.49 | M14: 869.5 | N14: 867.45 | O14: 331.6 | P14: 303.8 | Q14: 30811.28 | R14: 7288.671 | S14: 10986.173 | T14: 3.869 | U14: 10990.043 | V14: 555.973 | W14: 50.031 | X14: 15171.84 | Y14: 5214.75 | Z14: 1626.55 | AB14: -4304.105 | AC14: 255 | AD14: 0 | AE14: 255 | AF14: 260 | AG14: 0 | AH14: 260 | AI14: 5938 | AJ14: 30897 | AK14: 36835 | AL14: 10184.26 | AM14: 10184.26 | AN14: 0 | AO14: 255 | AP14: 260 | AS14: 331 | AT14: 331 | AU14: 260 | AV14: 255 | AW14: 331 | AX14: 331 | AY14: 260 | AZ14: 255
... A97: 31188.37 | B97: -6428.8 | C97: 37775.33 | D97: 4097.13 | E97: 320 | F97: 6460 | G97: 603.48 | H97: 604.33 | I97: 339.79 | J97: 636.52 | K97: 569.29 | L97: 563.24 | M97: 919.66 | N97: 919.25 | O97: 412.2 | P97: 414.5 | Q97: 31353.89 | R97: 6549.508 | S97: 3814.211 | T97: 4.044 | U97: 3818.255 | V97: 638.501 | W97: 50.025 | X97: 8358.625 | Y97: 11627.8 | Z97: 1709.57 | AB97: -2927.302 | AC97: 320 | AD97: 0 | AE97: 320 | AF97: 300 | AG97: 0 | AH97: 300 | AI97: 5825 | AJ97: 32186 | AK97: 38011 | AL97: 3631.85 | AM97: 3631.85 | AN97: 0 | AO97: 320 | AP97: 301.17 | AS97: 416 | AT97: 416 | AU97: 300 | AV97: 320 | AW97: 416 | AX97: 416 | AY97: 300 | AZ97: 320

Sheet 2024年12月4日
A1: 用电负荷(MW) | B1: 外送计划(MW) | C1: 火电总计划(MW) | D1: 新能源总计划(MW) | E1: 用户侧价格(元/MWh) | F1: 特高压雁淮直流外送-电力(MW) | G1: 塔山3# | H1: 塔山4# | I1: 王家岭电厂1#机 | J1: 王家岭电厂2#机 | K1: 神泉1# | L1: 神泉2# | M1: 神泉二期3号机 | N1: 神泉二期4号机 | O1: 紫荆电厂01# | P1: 紫荆电厂02# | Q1: 系统负荷实际值(MW) | R1: 外送实际值(MW) | S1: 风电实际值(MW) | T1: 光伏实际值(MW) | U1: 风光总加实际值(MW) | V1: 水电实际值(MW) | W1: 频率实际值(MW) | X1: 实际上旋备用(MW) | Y1: 实际下旋备用(MW) | Z1: 非市场化机组实际出力(MW) | AA1: 湖关三回线-是否越限 | AB1: 湖关三-潮流(MW) | AC1: 实时节点边际电价-电能量价格(元/MWh) | AD1: 实时节点边际电价-阻塞价格(元/MWh) | AE1: 实时节点边际电价-节点电价(元/MWh) | AF1: 日前节点边际电价-电能量价格(元/MWh) | AG1: 日前节点边际电价-阻塞价格(元/MWh) | AH1: 日前节点边际电价-节点电价(元/MWh) | AI1: 日前联络线电力值(MW) | AJ1: 省内负荷预测电力值(MW) | AK1: 总加电力值(MW) | AL1: 电力值(MW) | AM1: 风电(MW) | AN1: 光伏(MW) | AO1: 实时出清价格(元/MWh) | AP1: 日前出清价格(元/MWh) | AQ1: 日前-出清概况 | AR1: 实时-出清概况 | AS1: 1#日前结果(MW) | AT1: 1#实时结果(MW) | AU1: 1#日前价格(元/MWh) | AV1: 1#实时价格(元/MWh) | AW1: 2#日前结果(MW) | AX1: 2#实时结果(MW) | AY1: 2#日前价格(元/MWh) | AZ1: 2#实时价格(元/MWh)
A2: 32124.67 | B2: -6746 | C2: 38836.61 | D2: 4071.65 | E2: 335 | F2: 6983 | G2: 657.32 | H2: 657.32 | I2: 379.87 | J2: 636.94 | K2: 569.52 | L2: 580.69 | M2: 919.25 | N2: 851.41 | O2: 486.2 | P2: 504.6 | Q2: 32219.78 | R2: 6963.526 | S2: 3827.048 | T2: 4.048 | U2: 3831.095 | V2: 638.1 | W2: 50.006 | X2: 7089.801 | Y2: 12789.25 | Z2: 1691.42 | AA2: 是 | AB2: -3349.069 | AC2: 335 | AD2: 0 | AE2: 335 | AF2: 320 | AG2: 0 | AH2: 320 | AI2: 5937 | AJ2: 32332 | AK2: 38269 | AL2: 4220.49 | AM2: 4220.49 | AN2: 0 | AO2: 335 | AP2: 320 | AQ2: 12月04日,直调用电预测最大负荷3694.70万千瓦，最小2911.58万千瓦；外送电最大896.38万千瓦，最小631.90万千瓦；日前现货市场出清节点电价最大320.00元/MWh，最小0.00元/MWh，算术平均219.48元/MWh；日前现货市场火电机组运行129台，运行机组容量45292.00MW；日前调频市场需求最大值4342.30MW，需求最小值为3826.90MW；中标机组最多23台，中标机组最少21台；中标机组调频性能指标平均值为4.26；边际出清价格最大22.98元/MWh，最小5.00元/MWh；火电机组必开90台次、必开容量28276.00MW，必停22台次、必停容量2855.00MW。 | AR2: 12月04日直调用电实际最大负荷3672.95万千瓦，最小2851.22万千瓦；12月04日日外送电实际安排最大896.38万千瓦，最小631.90万千瓦；12月04日实时现货市场出清价格最大339.00元/MWh，最小0.00元/MWh，算术平均228.02元/MWh；实时现货市场有阻塞，湖关三回线断面负载率最高，达到100.00%;滨杨双回线断面负载率次高，达到87.00%。 | AS2: 511.5 | AT2: 515 | AU2: 320 | AV2: 335 | AW2: 511.5 | AX2: 515 | AY2: 320 | AZ2: 335
A3: 32344.75 | B3: -6959 | C3: 38587.61 | D3: 4107.27 | E3: 329 | F3: 7194 | G3: 661.6 | H3: 658.16 | I3: 410.81 | J3: 636.31 | K3: 569.99 | L3: 579.52 | M3: 919.25 | N3: 848.54 | O3: 528.3 | P3: 549.9 | Q3: 32383.71 | R3: 6964.418 | S3: 3848.089 | T3: 4.055 | U3: 3852.144 | V3: 641.332 | W3: 49.985 | X3: 6591.41 | Y3: 12906.46 | Z3: 1685.57 | AA3: 是 | AB3: -3477.379 | AC3: 329 | AD3: 0 | AE3: 329 | AF3: 310 | AG3: 0 | AH3: 310 | AI3: 5937 | AJ3: 32235 | AK3: 38172 | AL3: 4280.25 | AM3: 4280.25 | AN3: 0 | AO3: 329 | AP3: 310 | AS3: 500 | AT3: 550 | AU3: 310 | AV3: 329 | AW3: 500 | AX3: 550 | AY3: 310 | AZ3: 329
A4: 32112.09 | B4: -6948 | C4: 38918.5 | D4: 4061.39 | E4: 339 | F4: 7181 | G4: 659.03 | H4: 659.03 | I4: 469.82 | J4: 637.16 | K4: 570.68 | L4: 579.52 | M4: 918.84 | N4: 849.36 | O4: 549.9 | P4: 549.8 | Q4: 32283.39 | R4: 7134.972 | S4: 3803.62 | T4: 4.049 | U4: 3807.669 | V4: 642.615 | W4: 50.022 | X4: 6478.398 | Y4: 13124.63 | Z4: 1685.66 | AA4: 是 | AB4: -3452.725 | AC4: 339 | AD4: 0 | AE4: 339 | AF4: 310 | AG4: 0 | AH4: 310 | AI4: 5937 | AJ4: 32116 | AK4: 38053 | AL4: 4343.87 | AM4: 4343.87 | AN4: 0 | AO4: 339 | AP4: 310 | AS4: 500 | AT4: 550 | AU4: 310 | AV4: 339 | AW4: 500 | AX4: 550 | AY4: 310 | AZ4: 339
A5: 32073.43 | B5: -6943 | C5: 38381.27 | D5: 4110.15 | E5: 330 | F5: 7174 | G5: 659.88 | H5: 658.16 | I5: 469.78 | J5: 636.8 | K5: 569.29 | L5: 579.99 | M5: 918.84 | N5: 848.95 | O5: 551.5 | P5: 548.2 | Q5: 32090.23 | R5: 6968.741 | S5: 3692.056 | T5: 4.159 | U5: 3696.215 | V5: 644.63 | W5: 50.032 | X5: 6726.074 | Y5: 12889.34 | Z5: 1698.97 | AA5: 是 | AB5: -3439.979 | AC5: 330 | AD5: 0 | AE5: 330 | AF5: 310 | AG5: 0 | AH5: 310 | AI5: 5937 | AJ5: 31982 | AK5: 37919 | AL5: 4402.66 | AM5: 4402.66 | AN5: 0 | AO5: 330 | AP5: 310 | AS5: 500 | AT5: 550 | AU5: 310 | AV5: 330 | AW5: 500 | AX5: 550 | AY5: 310 | AZ5: 330
A6: 31970.23 | B6: -6905 | C6: 38266.19 | D6: 4116.75 | E6: 330 | F6: 7134 | G6: 659.88 | H6: 659.88 | I6: 469.59 | J6: 636.44 | K6: 569.52 | L6: 580.22 | M6: 920.48 | N6: 848.54 | O6: 552.1 | P6: 551.3 | Q6: 31738.37 | R6: 6927.654 | S6: 3664.415 | T6: 4.065 | U6: 3668.48 | V6: 643.504 | W6: 50.031 | X6: 7086.223 | Y6: 12551.94 | Z6: 1700.65 | AA6: 是 | AB6: -3400.337 | AC6: 330 | AD6: 0 | AE6: 330 | AF6: 315 | AG6: 0 | AH6: 315 | AI6: 5937 | AJ6: 31822 | AK6: 37759 | AL6: 4480.68 | AM6: 4480.68 | AN6: 0 | AO6: 330 | AP6: 315 | AS6: 500 | AT6: 550 | AU6: 315 | AV6: 330 | AW6: 500 | AX6: 550 | AY6: 315 | AZ6: 330
A7: 31663.09 | B7: -6965 | C7: 37789.26 | D7: 4141.83 | E7: 329 | F7: 7194 | G7: 659.03 | H7: 659.88 | I7: 470.21 | J7: 636.7 | K7: 569.52 | L7: 580.22 | M7: 919.25 | N7: 849.36 | O7: 552.1 | P7: 550.8 | Q7: 31458.29 | R7: 6981.078 | S7: 3930.918 | T7: 4.026 | U7: 3934.944 | V7: 641.454 | W7: 49.992 | X7: 7566.711 | Y7: 12081.2 | Z7: 1704.64 | AA7: 是 | AB7: -3456.367 | AC7: 329 | AD7: 0 | AE7: 329 | AF7: 305 | AG7: 0 | AH7: 305 | AI7: 5937 | AJ7: 31664 | AK7: 37601 | AL7: 4541.27 | AM7: 4541.27 | AN7: 0 | AO7: 329 | AP7: 305 | AS7: 500 | AT7: 550 | AU7: 305 | AV7: 329 | AW7: 500 | AX7: 550 | AY7: 305 | AZ7: 329
A8: 31432.74 | B8: -6827 | C8: 36849.23 | D8: 4133.62 | E8: 320 | F8: 7056 | G8: 584.69 | H8: 612.89 | I8: 479.91 | J8: 636.89 | K8: 569.99 | L8: 580.22 | M8: 920.07 | N8: 850.18 | O8: 521.5 | P8: 519.8 | Q8: 31145 | R8: 6734.659 | S8: 4146.134 | T8: 4.026 | U8: 4150.16 | V8: 642.75 | W8: 49.969 | X8: 8341.926 | Y8: 11300.28 | Z8: 1696.44 | AA8: 是 | AB8: -3368.4 | AC8: 320 | AD8: 0 | AE8: 320 | AF8: 310 | AG8: 0 | AH8: 310 | AI8: 5937 | AJ8: 31492 | AK8: 37429 | AL8: 4602.17 | AM8: 4602.17 | AN8: 0 | AO8: 320 | AP8: 310 | AS8: 500 | AT8: 517 | AU8: 310 | AV8: 320 | AW8: 500 | AX8: 517 | AY8: 310 | AZ8: 320
A9: 31105.41 | B9: -6966 | C9: 36777.27 | D9: 4081.89 | E9: 320 | F9: 7195 | G9: 584.69 | H9: 588.1 | I9: 480.16 | J9: 636.64 | K9: 569.52 | L9: 579.52 | M9: 919.25 | N9: 849.36 | O9: 501.3 | P9: 503.4 | Q9: 31291.33 | R9: 7003.112 | S9: 4392.939 | T9: 4.132 | U9: 4397.071 | V9: 644.583 | W9: 50.026 | X9: 8172.223 | Y9: 11461.4 | Z9: 1688.13 | AA9: 是 | AB9: -3540.133 | AC9: 320 | AD9: 0 | AE9: 320 | AF9: 309 | AG9: 0 | AH9: 309 | AI9: 5937 | AJ9: 31304 | AK9: 37241 | AL9: 4717.81 | AM9: 4717.81 | AN9: 0 | AO9: 320 | AP9: 309 | AS9: 500 | AT9: 500 | AU9: 309 | AV9: 320 | AW9: 500 | AX9: 500 | AY9: 309 | AZ9: 320
A10: 31050.11 | B10: -6966 | C10: 36480.95 | D10: 4258.68 | E10: 310 | F10: 7195 | G10: 577 | H10: 577 | I10: 480.66 | J10: 636.89 | K10: 569.99 | L10: 580.22 | M10: 919.25 | N10: 849.36 | O10: 503.7 | P10: 501.2 | Q10: 31261.4 | R10: 6952.76 | S10: 4567.247 | T10: 4.053 | U10: 4571.3 | V10: 643.368 | W10: 49.967 | X10: 8427.027 | Y10: 11216.92 | Z10: 1693.02 | AA10: 是 | AB10: -3547.557 | AC10: 310 | AD10: 0 | AE10: 310 | AF10: 305 | AG10: 0 | AH10: 305 | AI10: 5937 | AJ10: 31158 | AK10: 37095 | AL10: 5126.18 | AM10: 5126.18 | AN10: 0 | AO10: 310 | AP10: 305 | AS10: 500 | AT10: 500 | AU10: 305 | AV10: 310 | AW10: 500 | AX10: 500 | AY10: 305 | AZ10: 310
A11: 31032.04 | B11: -6942 | C11: 36573.72 | D11: 4402.34 | E11: 310 | F11: 7195 | G11: 574.43 | H11: 575.28 | I11: 479.74 | J11: 635.22 | K11: 569.99 | L11: 579.52 | M11: 919.25 | N11: 849.77 | O11: 501.1 | P11: 498 | Q11: 30944.76 | R11: 7026.206 | S11: 4717.576 | T11: 4.043 | U11: 4721.62 | V11: 641.434 | W11: 50.031 | X11: 8809.941 | Y11: 10873.91 | Z11: 1710.29 | AA11: 是 | AB11: -3555.401 | AC11: 310 | AD11: 0 | AE11: 310 | AF11: 300 | AG11: 0 | AH11: 300 | AI11: 5937 | AJ11: 31081 | AK11: 37018 | AL11: 5272.53 | AM11: 5272.53 | AN11: 0 | AO11: 310 | AP11: 300.29 | AS11: 500 | AT11: 500 | AU11: 300 | AV11: 310 | AW11: 500 | AX11: 500 | AY11: 300 | AZ11: 310
A12: 30901.11 | B12: -6919 | C12: 36057.04 | D12: 4689.32 | E12: 310 | F12: 7196 | G12: 505.22 | H12: 502.65 | I12: 480.16 | J12: 637.14 | K12: 569.29 | L12: 579.52 | M12: 919.66 | N12: 848.95 | O12: 501.7 | P12: 502.4 | Q12: 30929.58 | R12: 6834.134 | S12: 4887.216 | T12: 4.059 | U12: 4891.275 | V12: 642.723 | W12: 49.98 | X12: 9186.48 | Y12: 10464.88 | Z12: 1719.48 | AA12: 是 | AB12: -3549.658 | AC12: 310 | AD12: 0 | AE12: 310 | AF12: 297 | AG12: 0 | AH12: 297 | AI12: 5937 | AJ12: 31025 | AK12: 36962 | AL12: 5397.34 | AM12: 5397.34 | AN12: 0 | AO12: 310 | AP12: 297 | AS12: 500 | AT12: 500 | AU12: 297 | AV12: 310 | AW12: 500 | AX12: 500 | AY12: 297 | AZ12: 310
A13: 30710.27 | B13: -6896 | C13: 35332.98 | D13: 4884.7 | E13: 300 | F13: 7195 | G13: 488.12 | H13: 484.71 | I13: 479.98 | J13: 637.14 | K13: 569.52 | L13: 580.22 | M13: 919.25 | N13: 849.77 | O13: 501.6 | P13: 501.4 | Q13: 30658.9 | R13: 6889.259 | S13: 5123.15 | T13: 4.005 | U13: 5127.155 | V13: 645.01 | W13: 49.978 | X13: 9635.738 | Y13: 10000.35 | Z13: 1723.09 | AA13: 是 | AB13: -3550.638 | AC13: 300 | AD13: 0 | AE13: 300 | AF13: 300 | AG13: 0 | AH13: 300 | AI13: 5937 | AJ13: 30968 | AK13: 36905 | AL13: 5508.73 | AM13: 5508.73 | AN13: 0 | AO13: 300 | AP13: 300 | AS13: 500 | AT13: 500 | AU13: 300 | AV13: 300 | AW13: 500 | AX13: 500 | AY13: 300 | AZ13: 300
A14: 30942.91 | B14: -6891.07 | C14: 35739.03 | D14: 5014.35 | E14: 309 | F14: 7196 | G14: 485.55 | H14: 483.86 | I14: 479.66 | J14: 636.38 | K14: 570.22 | L14: 580.69 | M14: 920.89 | N14: 850.18 | O14: 502.1 | P14: 501.2 | Q14: 30686.7 | R14: 7063.765 | S14: 5307.23 | T14: 4.096 | U14: 5311.326 | V14: 644.803 | W14: 49.997 | X14: 9623.582 | Y14: 10030.97 | Z14: 1717.08 | AA14: 是 | AB14: -3548.257 | AC14: 309 | AD14: 0 | AE14: 309 | AF14: 294 | AG14: 0 | AH14: 294 | AI14: 5937 | AJ14: 30938 | AK14: 36875 | AL14: 5623.71 | AM14: 5623.71 | AN14: 0 | AO14: 309 | AP14: 294 | AS14: 500 | AT14: 500 | AU14: 294 | AV14: 309 | AW14: 500 | AX14: 500 | AY14: 294 | AZ14: 309
... A97: 30971.56 | B97: -6935.3 | C97: 26792.78 | D97: 13428.07 | E97: 225 | F97: 6461 | G97: 202.71 | H97: 202.71 | I97: 300.17 | J97: 301.14 | K97: 274.35 | L97: 275.05 | M97: 594.88 | N97: 566.51 | O97: 328.6 | P97: 300.7 | Q97: 31305.34 | R97: 6883.143 | S97: 13138.475 | T97: 4.115 | U97: 13142.59 | V97: 578.36 | W97: 49.988 | X97: 16041.31 | Y97: 3257.527 | Z97: 1643.22 | AA97: 是 | AB97: -4340.105 | AC97: 225 | AD97: 0 | AE97: 225 | AF97: 180 | AG97: 0 | AH97: 180 | AI97: 5824 | AJ97: 30816 | AK97: 36640 | AL97: 13221.24 | AM97: 13221.24 | AN97: 0 | AO97: 225 | AP97: 180 | AS97: 331 | AT97: 331 | AU97: 180 | AV97: 225 | AW97: 331 | AX97: 331 | AY97: 180 | AZ97: 225

Sheet 2024年12月5日
A1: 用电负荷(MW) | B1: 外送计划(MW) | C1: 火电总计划(MW) | D1: 新能源总计划(MW) | E1: 用户侧价格(元/MWh) | F1: 特高压雁淮直流外送-电力(MW) | G1: 塔山3# | H1: 塔山4# | I1: 王家岭电厂1#机 | J1: 王家岭电厂2#机 | K1: 神泉1# | L1: 神泉2# | M1: 神泉二期3号机 | N1: 神泉二期4号机 | O1: 紫荆电厂01# | P1: 紫荆电厂02# | Q1: 系统负荷实际值(MW) | R1: 外送实际值(MW) | S1: 风电实际值(MW) | T1: 光伏实际值(MW) | U1: 风光总加实际值(MW) | V1: 水电实际值(MW) | W1: 频率实际值(MW) | X1: 实际上旋备用(MW) | Y1: 实际下旋备用(MW) | Z1: 非市场化机组实际出力(MW) | AA1: 湖关三回线-是否越限 | AB1: 湖关三-潮流(MW) | AC1: 实时节点边际电价-电能量价格(元/MWh) | AD1: 实时节点边际电价-阻塞价格(元/MWh) | AE1: 实时节点边际电价-节点电价(元/MWh) | AF1: 日前节点边际电价-电能量价格(元/MWh) | AG1: 日前节点边际电价-阻塞价格(元/MWh) | AH1: 日前节点边际电价-节点电价(元/MWh) | AI1: 日前联络线电力值(MW) | AJ1: 省内负荷预测电力值(MW) | AK1: 总加电力值(MW) | AL1: 电力值(MW) | AM1: 风电(MW) | AN1: 光伏(MW) | AO1: 实时出清价格(元/MWh) | AP1: 日前出清价格(元/MWh) | AQ1: 日前-出清概况 | AR1: 实时-出清概况 | AS1: 1#日前结果(MW) | AT1: 1#实时结果(MW) | AU1: 1#日前价格(元/MWh) | AV1: 1#实时价格(元/MWh) | AW1: 2#日前结果(MW) | AX1: 2#实时结果(MW) | AY1: 2#日前价格(元/MWh) | AZ1: 2#实时价格(元/MWh)
A2: 31855.13 | B2: -7395.09 | C2: 28040.65 | D2: 13393.42 | E2: 260 | F2: 7055 | G2: 248.86 | H2: 245.45 | I2: 296.94 | J2: 300.69 | K2: 341.57 | L2: 342.27 | M2: 622.42 | N2: 627.36 | O2: 415.6 | P2: 353 | Q2: 31532.56 | R2: 7553.036 | S2: 13255.375 | T2: 4.064 | U2: 13259.439 | V2: 580.613 | W2: 49.969 | X2: 15260.98 | Y2: 4220.83 | Z2: 1645.63 | AA2: 是 | AB2: -4587.619 | AC2: 260 | AD2: 0 | AE2: 260 | AF2: 250 | AG2: 0 | AH2: 250 | AI2: 5938 | AJ2: 32002 | AK2: 37940 | AL2: 14654.55 | AM2: 14654.55 | AN2: 0 | AO2: 260 | AP2: 250 | AQ2: 12月05日,直调用电预测最大负荷3709.50万千瓦，最小2758.70万千瓦；外送电最大908.84万千瓦，最小642.62万千瓦；日前现货市场出清节点电价最大290.00元/MWh，最小0.00元/MWh，算术平均151.96元/MWh；日前现货市场火电机组运行127台，运行机组容量44392.00MW；日前调频市场需求最大值4357.20MW，需求最小值为3797.00MW；中标机组最多24台，中标机组最少20台；中标机组调频性能指标平均值为4.26；边际出清价格最大26.12元/MWh，最小5.00元/MWh；火电机组必开98台次、必开容量31006.00MW，必停21台次、必停容量2805.00MW。 | AR2: 12月05日直调用电实际最大负荷3735.15万千瓦，最小2774.12万千瓦；12月05日日外送电实际安排最大908.84万千瓦，最小642.62万千瓦；12月05日实时现货市场出清价格最大380.00元/MWh，最小0.00元/MWh，算术平均159.53元/MWh；实时现货市场有阻塞，湖关三回线断面负载率最高，达到100.00%;铺吉双断面负载率次高，达到90.00%。 | AS2: 400 | AT2: 430.5 | AU2: 250 | AV2: 260 | AW2: 400 | AX2: 430.5 | AY2: 250 | AZ2: 260
A3: 32066.66 | B3: -7185.92 | C3: 27849.77 | D3: 13357.81 | E3: 260 | F3: 7195 | G3: 248.86 | H3: 248.86 | I3: 297.42 | J3: 299.84 | K3: 349.71 | L3: 351.81 | M3: 698.48 | N3: 691.9 | O3: 403.3 | P3: 347.7 | Q3: 31638.17 | R3: 7138.89 | S3: 13230.588 | T3: 4.112 | U3: 13234.7 | V3: 580.971 | W3: 49.993 | X3: 15548.16 | Y3: 4121.906 | Z3: 1646.96 | AA3: 是 | AB3: -4583.416 | AC3: 260 | AD3: 0 | AE3: 260 | AF3: 250 | AG3: 0 | AH3: 250 | AI3: 5938 | AJ3: 32032 | AK3: 37970 | AL3: 14701.27 | AM3: 14701.27 | AN3: 0 | AO3: 260 | AP3: 250 | AS3: 400 | AT3: 400 | AU3: 250 | AV3: 260 | AW3: 400 | AX3: 400 | AY3: 250 | AZ3: 260
A4: 31584.14 | B4: -7235 | C4: 27321.73 | D4: 13372.69 | E4: 252 | F4: 7195 | G4: 249.73 | H4: 249.73 | I4: 299.73 | J4: 301.12 | K4: 284.82 | L4: 291.33 | M4: 751.92 | N4: 752.75 | O4: 402.5 | P4: 302.2 | Q4: 31537.38 | R4: 7249.072 | S4: 13287.171 | T4: 4.023 | U4: 13291.194 | V4: 593.259 | W4: 49.971 | X4: 15591.75 | Y4: 4073.906 | Z4: 1656.63 | AA4: 是 | AB4: -4652.894 | AC4: 252 | AD4: 0 | AE4: 252 | AF4: 255 | AG4: 0 | AH4: 255 | AI4: 5938 | AJ4: 31973 | AK4: 37911 | AL4: 14744.81 | AM4: 14744.81 | AN4: 0 | AO4: 252 | AP4: 255 | AS4: 400 | AT4: 400 | AU4: 255 | AV4: 252 | AW4: 400 | AX4: 400 | AY4: 255 | AZ4: 252
A5: 31283.15 | B5: -7012.89 | C5: 26697.5 | D5: 13487 | E5: 250 | F5: 7193 | G5: 242.04 | H5: 242.04 | I5: 300.22 | J5: 300.78 | K5: 272.72 | L5: 271.79 | M5: 740.82 | N5: 742.06 | O5: 399.8 | P5: 298.2 | Q5: 31208.17 | R5: 7110.512 | S5: 13537.357 | T5: 4.085 | U5: 13541.442 | V5: 593.333 | W5: 49.987 | X5: 16310.26 | Y5: 3371.533 | Z5: 1666.21 | AA5: 是 | AB5: -4693.516 | AC5: 250 | AD5: 0 | AE5: 250 | AF5: 200 | AG5: 38.89 | AH5: 238.89 | AI5: 5938 | AJ5: 31812 | AK5: 37750 | AL5: 14785.63 | AM5: 14785.63 | AN5: 0 | AO5: 250 | AP5: 202.76 | AS5: 400 | AT5: 400 | AU5: 238.89 | AV5: 250 | AW5: 400 | AX5: 400 | AY5: 238.89 | AZ5: 250
A6: 31105.19 | B6: -7193.73 | C6: 26726.15 | D6: 13533.48 | E6: 250 | F6: 7190 | G6: 219.81 | H6: 221.53 | I6: 301.49 | J6: 301.35 | K6: 271.79 | L6: 273.19 | M6: 723.97 | N6: 723.15 | O6: 399.8 | P6: 303.8 | Q6: 31091.75 | R6: 7201.467 | S6: 13721.211 | T6: 4.075 | U6: 13725.286 | V6: 615.69 | W6: 50.019 | X6: 16516.93 | Y6: 3131.746 | Z6: 1684.49 | AA6: 是 | AB6: -4721.251 | AC6: 250 | AD6: 0 | AE6: 250 | AF6: 250 | AG6: 0 | AH6: 250 | AI6: 5938 | AJ6: 31588 | AK6: 37526 | AL6: 14819.71 | AM6: 14819.71 | AN6: 0 | AO6: 250 | AP6: 250 | AS6: 400 | AT6: 400 | AU6: 250 | AV6: 250 | AW6: 400 | AX6: 400 | AY6: 250 | AZ6: 250
A7: 30849.61 | B7: -6885.68 | C7: 26206.38 | D7: 13482.26 | E7: 240 | F7: 7190 | G7: 200.15 | H7: 201.02 | I7: 301.13 | J7: 298.08 | K7: 272.49 | L7: 271.56 | M7: 678.75 | N7: 677.92 | O7: 402.6 | P7: 304.1 | Q7: 30911.3 | R7: 7045.01 | S7: 13862.876 | T7: 4.051 | U7: 13866.927 | V7: 610.757 | W7: 50.002 | X7: 16990.57 | Y7: 2679.219 | Z7: 1688.7 | AA7: 是 | AB7: -4809.639 | AC7: 240 | AD7: 0 | AE7: 240 | AF7: 200 | AG7: 44.44 | AH7: 244.44 | AI7: 5938 | AJ7: 31362 | AK7: 37300 | AL7: 14848.48 | AM7: 14848.48 | AN7: 0 | AO7: 240 | AP7: 203.14 | AS7: 400 | AT7: 400 | AU7: 244.44 | AV7: 240 | AW7: 400 | AX7: 400 | AY7: 244.44 | AZ7: 240
A8: 30719.78 | B8: -7090.85 | C8: 26224.93 | D8: 13512.76 | E8: 203.35 | F8: 7193 | G8: 200.15 | H8: 198.46 | I8: 283.27 | J8: 281.37 | K8: 271.1 | L8: 272.72 | M8: 675.46 | N8: 674.22 | O8: 403.2 | P8: 305.7 | Q8: 30809.89 | R8: 7102.84 | S8: 13883.018 | T8: 4.033 | U8: 13887.051 | V8: 613.381 | W8: 49.988 | X8: 17053.68 | Y8: 2606.148 | Z8: 1701.72 | AA8: 是 | AB8: -4818.043 | AC8: 200 | AD8: 44.44 | AE8: 244.44 | AF8: 200 | AG8: 44.44 | AH8: 244.44 | AI8: 5938 | AJ8: 31185 | AK8: 37123 | AL8: 14873.88 | AM8: 14873.88 | AN8: 0 | AO8: 203.35 | AP8: 203.14 | AS8: 400 | AT8: 400 | AU8: 244.44 | AV8: 244.44 | AW8: 400 | AX8: 400 | AY8: 244.44 | AZ8: 244.44
A9: 30670.67 | B9: -7231.72 | C9: 26154.97 | D9: 13681.13 | E9: 111.74 | F9: 7191 | G9: 199.3 | H9: 198.46 | I9: 265.77 | J9: 265.34 | K9: 272.49 | L9: 272.49 | M9: 673.4 | N9: 673.81 | O9: 403.1 | P9: 304.6 | Q9: 30581.21 | R9: 7254.233 | S9: 13892.281 | T9: 4.005 | U9: 13896.286 | V9: 627.343 | W9: 50.027 | X9: 17144.23 | Y9: 2496.543 | Z9: 1693.71 | AA9: 是 | AB9: -4818.043 | AC9: 100 | AD9: 155.56 | AE9: 255.56 | AF9: 100 | AG9: 155.56 | AH9: 255.56 | AI9: 5938 | AJ9: 31063 | AK9: 37001 | AL9: 14895.59 | AM9: 14895.59 | AN9: 0 | AO9: 111.74 | AP9: 111.18 | AS9: 400 | AT9: 400 | AU9: 255.56 | AV9: 255.56 | AW9: 400 | AX9: 400 | AY9: 255.56 | AZ9: 255.56
A10: 30708.66 | B10: -7192.84 | C10: 26113.4 | D10: 13824.03 | E10: 111.74 | F10: 7194 | G10: 199.3 | H10: 199.3 | I10: 266.44 | J10: 268.33 | K10: 271.1 | L10: 272.49 | M10: 672.58 | N10: 674.22 | O10: 402.8 | P10: 304.9 | Q10: 30684.58 | R10: 7224.44 | S10: 13967.257 | T10: 3.984 | U10: 13971.242 | V10: 646.363 | W10: 50.035 | X10: 17153.15 | Y10: 2502.096 | Z10: 1681.04 | AA10: 是 | AB10: -4816.362 | AC10: 100 | AD10: 155.56 | AE10: 255.56 | AF10: 240 | AG10: 0 | AH10: 240 | AI10: 5938 | AJ10: 30968 | AK10: 36906 | AL10: 14864.63 | AM10: 14864.63 | AN10: 0 | AO10: 111.74 | AP10: 240 | AS10: 400 | AT10: 400 | AU10: 240 | AV10: 255.56 | AW10: 400 | AX10: 400 | AY10: 240 | AZ10: 255.56
A11: 30546.95 | B11: -6963.81 | C11: 25742.95 | D11: 13936.25 | E11: 20.21 | F11: 7191 | G11: 200.15 | H11: 199.3 | I11: 266.25 | J11: 263.75 | K11: 271.1 | L11: 273.65 | M11: 673.81 | N11: 673.81 | O11: 403 | P11: 304.9 | Q11: 30882.03 | R11: 6939.33 | S11: 14002.768 | T11: 4.026 | U11: 14006.794 | V11: 641.824 | W11: 50.011 | X11: 17280.98 | Y11: 2588.07 | Z11: 1689.24 | AA11: 是 | AB11: -4815.522 | AC11: 0 | AD11: 266.67 | AE11: 266.67 | AF11: 100 | AG11: 155.56 | AH11: 255.56 | AI11: 5938 | AJ11: 30869 | AK11: 36807 | AL11: 14886.7 | AM11: 14886.7 | AN11: 0 | AO11: 20.21 | AP11: 111.2 | AS11: 400 | AT11: 400 | AU11: 255.56 | AV11: 266.67 | AW11: 400 | AX11: 400 | AY11: 255.56 | AZ11: 266.67
A12: 30492.89 | B12: -6997.14 | C12: 25731.26 | D12: 13927.23 | E12: 20.23 | F12: 7191 | G12: 198.46 | H12: 199.3 | I12: 263.59 | J12: 266.23 | K12: 271.1 | L12: 272.26 | M12: 674.22 | N12: 673.4 | O12: 402.8 | P12: 304.5 | Q12: 30523.71 | R12: 7050.052 | S12: 14076.339 | T12: 4.001 | U12: 14080.34 | V12: 639.626 | W12: 50.026 | X12: 17602.81 | Y12: 2283.975 | Z12: 1704 | AA12: 是 | AB12: -4813.281 | AC12: 0 | AD12: 266.67 | AE12: 266.67 | AF12: 200 | AG12: 44.44 | AH12: 244.44 | AI12: 5938 | AJ12: 30778 | AK12: 36716 | AL12: 14905.58 | AM12: 14905.58 | AN12: 0 | AO12: 20.23 | AP12: 203.18 | AS12: 400 | AT12: 400 | AU12: 244.44 | AV12: 266.67 | AW12: 400 | AX12: 400 | AY12: 244.44 | AZ12: 266.67
A13: 30574.79 | B13: -7117.49 | C13: 25689.74 | D13: 13974.72 | E13: 20.22 | F13: 7192 | G13: 199.3 | H13: 198.46 | I13: 266.28 | J13: 267.09 | K13: 271.33 | L13: 272.49 | M13: 672.99 | N13: 674.22 | O13: 403.5 | P13: 305.3 | Q13: 30723.07 | R13: 6975.628 | S13: 14006.102 | T13: 4.029 | U13: 14010.131 | V13: 640.556 | W13: 50.028 | X13: 17396.4 | Y13: 2485.561 | Z13: 1692.15 | AA13: 是 | AB13: -4816.082 | AC13: 0 | AD13: 266.67 | AE13: 266.67 | AF13: 0 | AG13: 266.67 | AH13: 266.67 | AI13: 5938 | AJ13: 30719 | AK13: 36657 | AL13: 14929.85 | AM13: 14929.85 | AN13: 0 | AO13: 20.22 | AP13: 19.3 | AS13: 400 | AT13: 400 | AU13: 266.67 | AV13: 266.67 | AW13: 400 | AX13: 400 | AY13: 266.67 | AZ13: 266.67
A14: 30592.49 | B14: -7302.66 | C14: 26083.19 | D14: 14002.41 | E14: 20.21 | F14: 7193 | G14: 198.46 | H14: 198.46 | I14: 265.61 | J14: 267.04 | K14: 272.26 | L14: 272.26 | M14: 673.4 | N14: 673.4 | O14: 402.8 | P14: 305.1 | Q14: 30540.89 | R14: 7278 | S14: 13868.076 | T14: 4.002 | U14: 13872.078 | V14: 642.846 | W14: 50.025 | X14: 17138.87 | Y14: 2790.041 | Z14: 1693.37 | AA14: 是 | AB14: -4810.339 | AC14: 0 | AD14: 266.67 | AE14: 266.67 | AF14: 240 | AG14: 0 | AH14: 240 | AI14: 5938 | AJ14: 30655 | AK14: 36593 | AL14: 14953.76 | AM14: 14953.76 | AN14: 0 | AO14: 20.21 | AP14: 240 | AS14: 400 | AT14: 400 | AU14: 240 | AV14: 266.67 | AW14: 400 | AX14: 400 | AY14: 240 | AZ14: 266.67
... A97: 31407.85 | B97: -6426.2 | C97: 28518.48 | D97: 12971.3 | E97: 250 | F97: 6461 | G97: 239.47 | H97: 238.6 | I97: 300.35 | J97: 301.31 | K97: 277.14 | L97: 278.54 | M97: 742.88 | N97: 741.65 | O97: 393.7 | P97: 297.9 | Q97: 31304.36 | R97: 6560.239 | S97: 12785.96 | T97: 3.653 | U97: 12789.614 | V97: 568.675 | W97: 50.033 | X97: 16085.96 | Y97: 3404.457 | Z97: 1291.31 | AA97: 是 | AB97: -3949.014 | AC97: 250 | AD97: 0 | AE97: 250 | AF97: 235 | AG97: 0 | AH97: 235 | AI97: 5825 | AJ97: 31249 | AK97: 37074 | AL97: 13637.33 | AM97: 13637.33 | AN97: 0 | AO97: 250 | AP97: 235 | AS97: 400 | AT97: 400 | AU97: 235 | AV97: 250 | AW97: 400 | AX97: 400 | AY97: 235 | AZ97: 250

Sheet 2024年12月6日
A1: 用电负荷(MW) | B1: 外送计划(MW) | C1: 火电总计划(MW) | D1: 新能源总计划(MW) | E1: 用户侧价格(元/MWh) | F1: 特高压雁淮直流外送-电力(MW) | G1: 塔山3# | H1: 塔山4# | I1: 王家岭电厂1#机 | J1: 王家岭电厂2#机 | K1: 神泉1# | L1: 神泉2# | M1: 神泉二期3号机 | N1: 神泉二期4号机 | O1: 紫荆电厂01# | P1: 紫荆电厂02# | Q1: 系统负荷实际值(MW) | R1: 外送实际值(MW) | S1: 风电实际值(MW) | T1: 光伏实际值(MW) | U1: 风光总加实际值(MW) | V1: 水电实际值(MW) | W1: 频率实际值(MW) | X1: 实际上旋备用(MW) | Y1: 实际下旋备用(MW) | Z1: 非市场化机组实际出力(MW) | AA1: 湖关三回线-是否越限 | AB1: 湖关三-潮流(MW) | AC1: 实时节点边际电价-电能量价格(元/MWh) | AD1: 实时节点边际电价-阻塞价格(元/MWh) | AE1: 实时节点边际电价-节点电价(元/MWh) | AF1: 日前节点边际电价-电能量价格(元/MWh) | AG1: 日前节点边际电价-阻塞价格(元/MWh) | AH1: 日前节点边际电价-节点电价(元/MWh) | AI1: 日前联络线电力值(MW) | AJ1: 省内负荷预测电力值(MW) | AK1: 总加电力值(MW) | AL1: 电力值(MW) | AM1: 风电(MW) | AN1: 光伏(MW) | AO1: 实时出清价格(元/MWh) | AP1: 日前出清价格(元/MWh) | AQ1: 日前-出清概况 | AR1: 实时-出清概况 | AS1: 1#日前结果(MW) | AT1: 1#实时结果(MW) | AU1: 1#日前价格(元/MWh) | AV1: 1#实时价格(元/MWh) | AW1: 2#日前结果(MW) | AX1: 2#实时结果(MW) | AY1: 2#日前价格(元/MWh) | AZ1: 2#实时价格(元/MWh)
A2: 31970.45 | B2: -7519.66 | C2: 29393.61 | D2: 12943.88 | E2: 251 | F2: 7053 | G2: 248.01 | H2: 248.01 | I2: 300.98 | J2: 300.68 | K2: 275.75 | L2: 273.89 | M2: 747.4 | N2: 746.99 | O2: 355.5 | P2: 293.7 | Q2: 31855.12 | R2: 7722.843 | S2: 12554.357 | T2: 3.666 | U2: 12558.023 | V2: 569.925 | W2: 50.033 | X2: 13953.25 | Y2: 5353.67 | Z2: 1401.24 | AA2: 是 | AB2: -4580.615 | AC2: 251 | AD2: 0 | AE2: 251 | AF2: 280 | AG2: 0 | AH2: 280 | AI2: 5937 | AJ2: 31424.2 | AK2: 37361.2 | AL2: 13289.39 | AM2: 13289.39 | AN2: 0 | AO2: 251 | AP2: 280 | AQ2: 12月06日,直调用电预测最大负荷3709.81万千瓦，最小2835.74万千瓦；外送电最大908.84万千瓦，最小642.20万千瓦；日前现货市场出清节点电价最大321.00元/MWh，最小0.00元/MWh，算术平均202.68元/MWh；日前现货市场火电机组运行126台，运行机组容量44192.00MW；日前调频市场需求最大值3709.81MW，需求最小值为3156.93MW；中标机组最多22台，中标机组最少20台；中标机组调频性能指标平均值为4.40；边际出清价格最大24.00元/MWh，最小5.00元/MWh；火电机组必开97台次、必开容量30806.00MW，必停21台次、必停容量2805.00MW。 | AR2: 12月06日直调用电实际最大负荷3756.31万千瓦，最小2852.97万千瓦；12月06日日外送电实际安排最大908.84万千瓦，最小642.20万千瓦；12月06日实时现货市场出清价格最大398.40元/MWh，最小0.00元/MWh，算术平均252.47元/MWh；实时现货市场有阻塞，湖关三回线断面负载率最高，达到100.00%;雁湖双+雁岳双断面负载率次高，达到93.00%。 | AS2: 431.96 | AT2: 361 | AU2: 280 | AV2: 251 | AW2: 431.96 | AX2: 361 | AY2: 280 | AZ2: 251
A3: 32141.85 | B3: -7670.92 | C3: 29935.69 | D3: 12892.5 | E3: 260 | F3: 7193 | G3: 249.73 | H3: 248.01 | I3: 380.55 | J3: 373.16 | K3: 341.11 | L3: 342.27 | M3: 772.48 | N3: 772.89 | O3: 389.5 | P3: 360.7 | Q3: 32045.63 | R3: 7472.983 | S3: 12320.345 | T3: 3.724 | U3: 12324.069 | V3: 290.44 | W3: 50.028 | X3: 13461.68 | Y3: 5899.785 | Z3: 1418.72 | AA3: 是 | AB3: -4444.041 | AC3: 260 | AD3: 0 | AE3: 260 | AF3: 268 | AG3: 0 | AH3: 268 | AI3: 5937 | AJ3: 32030.8 | AK3: 37967.8 | AL3: 13290.81 | AM3: 13290.81 | AN3: 0 | AO3: 260 | AP3: 268 | AS3: 416 | AT3: 391.07 | AU3: 268 | AV3: 260 | AW3: 416 | AX3: 391.07 | AY3: 268 | AZ3: 260
A4: 31962.5 | B4: -7670.96 | C4: 29962.86 | D4: 12570.81 | E4: 260 | F4: 7195 | G4: 248.86 | H4: 249.73 | I4: 354.31 | J4: 421.86 | K4: 365.07 | L4: 368.09 | M4: 771.25 | N4: 761.38 | O4: 383.8 | P4: 345.3 | Q4: 32181.92 | R4: 7445.392 | S4: 12037.757 | T4: 3.789 | U4: 12041.546 | V4: 292.49 | W4: 50.016 | X4: 13077.8 | Y4: 6259.26 | Z4: 1608.53 | AA4: 是 | AB4: -4417.987 | AC4: 260 | AD4: 0 | AE4: 260 | AF4: 260 | AG4: 0 | AH4: 260 | AI4: 5937 | AJ4: 32122.2 | AK4: 38059.2 | AL4: 13265.49 | AM4: 13265.49 | AN4: 0 | AO4: 260 | AP4: 260 | AS4: 409.95 | AT4: 380.8 | AU4: 260 | AV4: 260 | AW4: 409.95 | AX4: 380.8 | AY4: 260 | AZ4: 260
A5: 31648.02 | B5: -7671.02 | C5: 29983.76 | D5: 12400.27 | E5: 260 | F5: 7195 | G5: 249.73 | H5: 248.86 | I5: 372.25 | J5: 463.33 | K5: 372.97 | L5: 375.77 | M5: 772.07 | N5: 771.66 | O5: 389.5 | P5: 357.1 | Q5: 31815.32 | R5: 7958.5 | S5: 11748.097 | T5: 3.67 | U5: 11751.767 | V5: 605.461 | W5: 50.032 | X5: 12949.12 | Y5: 6369.176 | Z5: 1644.77 | AA5: 是 | AB5: -4383.248 | AC5: 260 | AD5: 0 | AE5: 260 | AF5: 260 | AG5: 0 | AH5: 260 | AI5: 5937 | AJ5: 32026.6 | AK5: 37963.6 | AL5: 13246.91 | AM5: 13246.91 | AN5: 0 | AO5: 260 | AP5: 260 | AS5: 402.8 | AT5: 388.13 | AU5: 260 | AV5: 260 | AW5: 402.8 | AX5: 388.13 | AY5: 260 | AZ5: 260
A6: 31555.71 | B6: -7671.08 | C6: 30114.57 | D6: 12188.77 | E6: 260 | F6: 7195 | G6: 251.42 | H6: 248.86 | I6: 393.02 | J6: 499.43 | K6: 379.25 | L6: 379.72 | M6: 775.36 | N6: 776.18 | O6: 397 | P6: 371.2 | Q6: 31591.77 | R6: 7756.159 | S6: 11581.906 | T6: 3.672 | U6: 11585.578 | V6: 603.178 | W6: 49.974 | X6: 13215.05 | Y6: 6147.777 | Z6: 1661.26 | AA6: 是 | AB6: -4343.747 | AC6: 260 | AD6: 0 | AE6: 260 | AF6: 262 | AG6: 0 | AH6: 262 | AI6: 5937 | AJ6: 31765.8 | AK6: 37702.8 | AL6: 13208.58 | AM6: 13208.58 | AN6: 0 | AO6: 260 | AP6: 262 | AS6: 416 | AT6: 393.67 | AU6: 262 | AV6: 260 | AW6: 416 | AX6: 393.67 | AY6: 262 | AZ6: 260
A7: 31419.49 | B7: -7671.08 | C7: 29322.95 | D7: 12109.63 | E7: 252 | F7: 7195 | G7: 249.73 | H7: 248.01 | I7: 331.56 | J7: 426.7 | K7: 311.8 | L7: 313.89 | M7: 754.39 | N7: 753.98 | O7: 363.2 | P7: 302.5 | Q7: 31217.71 | R7: 7610.543 | S7: 11499.835 | T7: 3.672 | U7: 11503.506 | V7: 605.765 | W7: 49.99 | X7: 13649.01 | Y7: 5669.271 | Z7: 1681.28 | AA7: 是 | AB7: -4625.159 | AC7: 252 | AD7: 0 | AE7: 252 | AF7: 258 | AG7: 0 | AH7: 258 | AI7: 5937 | AJ7: 31577.8 | AK7: 37514.8 | AL7: 13171.18 | AM7: 13171.18 | AN7: 0 | AO7: 252 | AP7: 258 | AS7: 361 | AT7: 361 | AU7: 258 | AV7: 252 | AW7: 361 | AX7: 361 | AY7: 258 | AZ7: 252
A8: 31223.22 | B8: -7671.08 | C8: 29470.19 | D8: 11856.42 | E8: 255 | F8: 7195 | G8: 249.73 | H8: 248.01 | I8: 304.74 | J8: 347.55 | K8: 329.48 | L8: 330.18 | M8: 749.46 | N8: 751.51 | O8: 365.8 | P8: 303 | Q8: 31530.43 | R8: 7572.957 | S8: 11400.308 | T8: 3.746 | U8: 11404.054 | V8: 659.453 | W8: 49.968 | X8: 13277.61 | Y8: 5986.766 | Z8: 1678.73 | AA8: 是 | AB8: -4586.498 | AC8: 255 | AD8: 0 | AE8: 255 | AF8: 255 | AG8: 0 | AH8: 255 | AI8: 5937 | AJ8: 31333 | AK8: 37270 | AL8: 13126.17 | AM8: 13126.17 | AN8: 0 | AO8: 255 | AP8: 255 | AS8: 361 | AT8: 361 | AU8: 255 | AV8: 255 | AW8: 361 | AX8: 361 | AY8: 255 | AZ8: 255
A9: 31112.23 | B9: -7671.08 | C9: 30126.23 | D9: 11606.63 | E9: 260 | F9: 7195 | G9: 250.57 | H9: 248.86 | I9: 376.71 | J9: 418.24 | K9: 386.7 | L9: 389.02 | M9: 784.4 | N9: 784.4 | O9: 401 | P9: 388.2 | Q9: 31231.96 | R9: 7781.399 | S9: 11426 | T9: 3.714 | U9: 11429.714 | V9: 658.913 | W9: 49.968 | X9: 13390.32 | Y9: 5963.936 | Z9: 1679.69 | AA9: 是 | AB9: -4293.459 | AC9: 260 | AD9: 0 | AE9: 260 | AF9: 252 | AG9: 0 | AH9: 252 | AI9: 5937 | AJ9: 31184.7 | AK9: 37121.7 | AL9: 13085.63 | AM9: 13085.63 | AN9: 0 | AO9: 260 | AP9: 252 | AS9: 361 | AT9: 403.27 | AU9: 252 | AV9: 260 | AW9: 361 | AX9: 403.27 | AY9: 252 | AZ9: 260
A10: 31216.86 | B10: -8169.14 | C10: 30815.01 | D10: 11560.66 | E10: 270 | F10: 7195 | G10: 251.42 | H10: 250.57 | I10: 450.92 | J10: 497.2 | K10: 403.68 | L10: 403.44 | M10: 802.49 | N10: 798.79 | O10: 412.6 | P10: 418 | Q10: 31439.78 | R10: 7551.437 | S10: 11248.571 | T10: 3.669 | U10: 11252.24 | V10: 604.894 | W10: 50.033 | X10: 13242.86 | Y10: 6208.441 | Z10: 1727.8 | AA10: 是 | AB10: -4188.684 | AC10: 270 | AD10: 0 | AE10: 270 | AF10: 258 | AG10: 0 | AH10: 258 | AI10: 5937 | AJ10: 31170.3 | AK10: 37107.3 | AL10: 13049.31 | AM10: 13049.31 | AN10: 0 | AO10: 270 | AP10: 258 | AS10: 361 | AT10: 416 | AU10: 258 | AV10: 270 | AW10: 361 | AX10: 416 | AY10: 258 | AZ10: 270
A11: 31115.68 | B11: -8169.14 | C11: 30641.58 | D11: 11469.38 | E11: 260 | F11: 7195 | G11: 248.86 | H11: 248.01 | I11: 400.41 | J11: 531.77 | K11: 386.46 | L11: 388.09 | M11: 786.05 | N11: 786.46 | O11: 397.9 | P11: 386.2 | Q11: 30977.46 | R11: 7831.912 | S11: 11228.769 | T11: 3.621 | U11: 11232.39 | V11: 605.956 | W11: 50.025 | X11: 13397 | Y11: 6020.703 | Z11: 1714.76 | AA11: 是 | AB11: -4293.18 | AC11: 260 | AD11: 0 | AE11: 260 | AF11: 252 | AG11: 0 | AH11: 252 | AI11: 5937 | AJ11: 31025.9 | AK11: 36962.9 | AL11: 13012.67 | AM11: 13012.67 | AN11: 0 | AO11: 260 | AP11: 252 | AS11: 361 | AT11: 399.5 | AU11: 252 | AV11: 260 | AW11: 361 | AX11: 399.5 | AY11: 252 | AZ11: 260
A12: 31092.57 | B12: -8169.14 | C12: 30734.59 | D12: 11374.72 | E12: 260 | F12: 7195 | G12: 247.16 | H12: 248.01 | I12: 421.38 | J12: 573.39 | K12: 389.72 | L12: 392.51 | M12: 788.1 | N12: 787.28 | O12: 404.1 | P12: 400.2 | Q12: 30783.84 | R12: 7578.633 | S12: 11275.505 | T12: 3.642 | U12: 11279.147 | V12: 604.785 | W12: 50.002 | X12: 13897.67 | Y12: 5576.465 | Z12: 1660.13 | AA12: 是 | AB12: -4266.145 | AC12: 260 | AD12: 0 | AE12: 260 | AF12: 260 | AG12: 0 | AH12: 260 | AI12: 5937 | AJ12: 30914.3 | AK12: 36851.3 | AL12: 12974.32 | AM12: 12974.32 | AN12: 0 | AO12: 260 | AP12: 260 | AS12: 387.95 | AT12: 406.47 | AU12: 260 | AV12: 260 | AW12: 387.95 | AX12: 406.47 | AY12: 260 | AZ12: 260
A13: 30848.19 | B13: -8169.14 | C13: 30681.78 | D13: 11277.79 | E13: 260 | F13: 7195 | G13: 248.86 | H13: 248.01 | I13: 406.72 | J13: 524.53 | K13: 386.46 | L13: 387.4 | M13: 785.64 | N13: 787.28 | O13: 399.4 | P13: 385.6 | Q13: 31020.69 | R13: 7769.113 | S13: 11287.957 | T13: 3.608 | U13: 11291.564 | V13: 599.668 | W13: 49.983 | X13: 13489.68 | Y13: 5933.508 | Z13: 1657.65 | AA13: 是 | AB13: -4295.421 | AC13: 260 | AD13: 0 | AE13: 260 | AF13: 253 | AG13: 0 | AH13: 253 | AI13: 5937 | AJ13: 30758.6 | AK13: 36695.6 | AL13: 12933.66 | AM13: 12933.66 | AN13: 0 | AO13: 260 | AP13: 253 | AS13: 361 | AT13: 399.13 | AU13: 253 | AV13: 260 | AW13: 361 | AX13: 399.13 | AY13: 253 | AZ13: 260
A14: 30785.78 | B14: -8169.14 | C14: 30387.69 | D14: 11205.37 | E14: 260 | F14: 7195 | G14: 247.16 | H14: 248.01 | I14: 328.96 | J14: 443.43 | K14: 351.81 | L14: 352.04 | M14: 758.5 | N14: 751.92 | O14: 368.8 | P14: 320.6 | Q14: 30998.93 | R14: 7656.789 | S14: 11153.924 | T14: 3.698 | U14: 11157.623 | V14: 600.171 | W14: 49.986 | X14: 13499.97 | Y14: 5882.828 | Z14: 1652.21 | AA14: 是 | AB14: -4515.479 | AC14: 260 | AD14: 0 | AE14: 260 | AF14: 252 | AG14: 0 | AH14: 252 | AI14: 5937 | AJ14: 30662.7 | AK14: 36599.7 | AL14: 12897.12 | AM14: 12897.12 | AN14: 0 | AO14: 260 | AP14: 252 | AS14: 361 | AT14: 366.5 | AU14: 252 | AV14: 260 | AW14: 361 | AX14: 366.5 | AY14: 252 | AZ14: 260
... A97: 32857.54 | B97: -6621.1 | C97: 38669.59 | D97: 6497.52 | E97: 366.4 | F97: 6467 | G97: 659.03 | H97: 659.03 | I97: 458.7 | J97: 647.22 | K97: 570.92 | L97: 583.48 | M97: 918.01 | N97: 849.77 | O97: 496.2 | P97: 575.8 | Q97: 32973.32 | R97: 6509.824 | S97: 5069.46 | T97: 4.123 | U97: 5073.583 | V97: 356.143 | W97: 50.008 | X97: 6304.406 | Y97: 12900.24 | Z97: 1462.13 | AA97: 否 | AB97: -2429.473 | AC97: 366.4 | AD97: 0 | AE97: 366.4 | AF97: 260 | AG97: 0 | AH97: 260 | AI97: 5824 | AJ97: 31771.5 | AK97: 37595.5 | AL97: 13304.17 | AM97: 13304.17 | AN97: 0 | AO97: 366.4 | AP97: 260 | AS97: 367.6 | AT97: 500 | AU97: 260 | AV97: 366.4 | AW97: 367.6 | AX97: 500 | AY97: 260 | AZ97: 366.4

Sheet 2024年12月7日
A1: 用电负荷(MW) | B1: 外送计划(MW) | C1: 火电总计划(MW) | D1: 新能源总计划(MW) | E1: 用户侧价格(元/MWh) | F1: 特高压雁淮直流外送-电力(MW) | G1: 塔山3# | H1: 塔山4# | I1: 王家岭电厂1#机 | J1: 王家岭电厂2#机 | K1: 神泉1# | L1: 神泉2# | N1: 神泉二期4号机 | O1: 紫荆电厂01# | P1: 紫荆电厂02# | Q1: 系统负荷实际值(MW) | R1: 外送实际值(MW) | S1: 风电实际值(MW) | T1: 光伏实际值(MW) | U1: 风光总加实际值(MW) | V1: 水电实际值(MW) | W1: 频率实际值(MW) | X1: 实际上旋备用(MW) | Y1: 实际下旋备用(MW) | Z1: 非市场化机组实际出力(MW) | AA1: 湖关三回线-是否越限 | AB1: 湖关三-潮流(MW) | AF1: 日前节点边际电价-电能量价格(元/MWh) | AG1: 日前节点边际电价-阻塞价格(元/MWh) | AH1: 日前节点边际电价-节点电价(元/MWh) | AL1: 电力值(MW) | AM1: 风电(MW) | AN1: 光伏(MW) | AO1: 实时出清价格(元/MWh) | AP1: 日前出清价格(元/MWh) | AQ1: 日前-出清概况 | AR1: 实时-出清概况 | AS1: 1#日前结果(MW) | AT1: 1#实时结果(MW) | AU1: 1#日前价格(元/MWh) | AV1: 1#实时价格(元/MWh) | AW1: 2#日前结果(MW) | AX1: 2#实时结果(MW) | AY1: 2#日前价格(元/MWh) | AZ1: 2#实时价格(元/MWh)
A2: 33532.22 | B2: -6317 | C2: 37077.26 | D2: 6390.08 | E2: 340 | F2: 6355 | G2: 650.47 | H2: 651.34 | I2: 496.62 | J2: 636.08 | K2: 569.29 | L2: 582.31 | N2: 850.18 | O2: 479.7 | P2: 498.3 | Q2: 33546.68 | R2: 6287.298 | S2: 5049.348 | T2: 4.079 | U2: 5053.428 | V2: 436.512 | W2: 49.984 | X2: 5935.754 | Y2: 12901.91 | Z2: 1460.01 | AA2: 否 | AB2: -2714.247 | AF2: 305 | AG2: 0 | AH2: 305 | AL2: 10844.83 | AM2: 10844.83 | AN2: 0 | AO2: 340 | AP2: 305 | AQ2: 12月07日,直调用电预测最大负荷3820.76万千瓦，最小2912.65万千瓦；外送电最大890.50万千瓦，最小611.40万千瓦；日前现货市场出清节点电价最大1500.00元/MWh，最小0.00元/MWh，算术平均263.86元/MWh；日前现货市场火电机组运行131台，运行机组容量46452.00MW；日前调频市场需求最大值3820.76MW，需求最小值为3224.76MW；中标机组最多24台，中标机组最少20台；中标机组调频性能指标平均值为4.21；边际出清价格最大29.50元/MWh，最小5.00元/MWh；火电机组必开98台次、必开容量30941.00MW，必停23台次、必停容量3605.00MW。 | AR2: 12月07日直调用电实际最大负荷3878.06万千瓦，最小2840.88万千瓦；12月07日日外送电实际安排最大890.50万千瓦，最小611.40万千瓦；12月07日实时现货市场出清价格最大1500.00元/MWh，最小0.00元/MWh，算术平均289.06元/MWh；实时现货市场有阻塞，崛南双断面负载率最高，达到121.00%;湖关三回线断面负载率次高，达到100.00%。 | AS2: 426 | AT2: 487 | AU2: 305 | AV2: 340 | AW2: 426 | AX2: 487 | AY2: 305 | AZ2: 340
A3: 33660.27 | B3: -6317 | C3: 37015.95 | D3: 6372.03 | E3: 340 | F3: 6355 | G3: 651.34 | H3: 650.47 | I3: 500.59 | J3: 635.69 | K3: 568.13 | L3: 583.24 | N3: 849.36 | O3: 480.8 | P3: 479.5 | Q3: 33539.36 | R3: 6255.893 | S3: 5153.788 | T3: 4.101 | U3: 5157.889 | V3: 476.178 | W3: 50.036 | X3: 6078.914 | Y3: 12593.65 | Z3: 1443.29 | AA3: 否 | AB3: -2742.262 | AF3: 289 | AG3: 0 | AH3: 289 | AL3: 10906.63 | AM3: 10906.63 | AN3: 0 | AO3: 340 | AP3: 289 | AS3: 426 | AT3: 487 | AU3: 289 | AV3: 340 | AW3: 426 | AX3: 487 | AY3: 289 | AZ3: 340
A4: 33559.88 | B4: -6317 | C4: 38114.71 | D4: 6290.43 | E4: 360 | F4: 6355 | G4: 652.19 | H4: 651.34 | I4: 501.09 | J4: 645.8 | K4: 569.29 | L4: 583.48 | N4: 849.77 | O4: 550.7 | P4: 553.2 | Q4: 33452.35 | R4: 6305.997 | S4: 5173.659 | T4: 4.076 | U4: 5177.735 | V4: 479.235 | W4: 50.021 | X4: 6140.887 | Y4: 12660.44 | Z4: 1529.37 | AA4: 否 | AB4: -2602.606 | AF4: 289 | AG4: 0 | AH4: 289 | AL4: 10960.16 | AM4: 10960.16 | AN4: 0 | AO4: 360 | AP4: 289 | AS4: 426 | AT4: 550 | AU4: 289 | AV4: 360 | AW4: 426 | AX4: 550 | AY4: 289 | AZ4: 360
A5: 33034.89 | B5: -6317 | C5: 37389.49 | D5: 6312.3 | E5: 349 | F5: 6362 | G5: 651.34 | H5: 651.34 | I5: 501.25 | J5: 637.61 | K5: 569.99 | L5: 583.24 | N5: 849.36 | O5: 488.1 | P5: 496.8 | Q5: 33159.51 | R5: 6168.874 | S5: 5177.096 | T5: 4.068 | U5: 5181.164 | V5: 479.576 | W5: 50.035 | X5: 6576.555 | Y5: 12217.31 | Z5: 1572.14 | AA5: 否 | AB5: -2721.11 | AF5: 287 | AG5: 0 | AH5: 287 | AL5: 11029.02 | AM5: 11029.02 | AN5: 0 | AO5: 349 | AP5: 287 | AS5: 426 | AT5: 487 | AU5: 287 | AV5: 349 | AW5: 426 | AX5: 487 | AY5: 287 | AZ5: 349
A6: 33083.52 | B6: -6317 | C6: 36424.15 | D6: 6292.12 | E6: 332 | F6: 6413 | G6: 651.34 | H6: 652.19 | I6: 501.41 | J6: 636.52 | K6: 569.52 | L6: 583.48 | N6: 850.18 | O6: 490.3 | P6: 491 | Q6: 32675.59 | R6: 6522.194 | S6: 5164.525 | T6: 4.081 | U6: 5168.606 | V6: 478.41 | W6: 49.991 | X6: 6692.289 | Y6: 12014.43 | Z6: 1581.49 | AA6: 否 | AB6: -2777.561 | AF6: 280 | AG6: 0 | AH6: 280 | AL6: 11079.36 | AM6: 11079.36 | AN6: 0 | AO6: 332 | AP6: 280 | AS6: 426 | AT6: 487 | AU6: 280 | AV6: 332 | AW6: 426 | AX6: 487 | AY6: 280 | AZ6: 332
A7: 32646.06 | B7: -6317 | C7: 37398.05 | D7: 6360.56 | E7: 340 | F7: 6424 | G7: 651.34 | H7: 651.34 | I7: 501.27 | J7: 636.81 | K7: 569.52 | L7: 583.24 | N7: 849.36 | O7: 482 | P7: 489.4 | Q7: 32791.53 | R7: 6310.867 | S7: 5066.546 | T7: 4.041 | U7: 5070.587 | V7: 476.622 | W7: 50.033 | X7: 6684.648 | Y7: 12059.8 | Z7: 1581.66 | AA7: 否 | AB7: -2796.751 | AF7: 285 | AG7: 0 | AH7: 285 | AL7: 11127.66 | AM7: 11127.66 | AN7: 0 | AO7: 340 | AP7: 285 | AS7: 426 | AT7: 487 | AU7: 285 | AV7: 340 | AW7: 426 | AX7: 487 | AY7: 285 | AZ7: 340
A8: 32609.59 | B8: -6317 | C8: 36583.31 | D8: 6457.78 | E8: 335 | F8: 6459 | G8: 651.34 | H8: 651.34 | I8: 501.38 | J8: 637.08 | K8: 569.52 | L8: 582.55 | N8: 849.77 | O8: 484.3 | P8: 492.1 | Q8: 32580.53 | R8: 6435.731 | S8: 5090.801 | T8: 4.038 | U8: 5094.839 | V8: 475.956 | W8: 49.978 | X8: 6794.762 | Y8: 11918.13 | Z8: 1560.34 | AA8: 否 | AB8: -2825.467 | AF8: 270 | AG8: 0 | AH8: 270 | AL8: 11181.64 | AM8: 11181.64 | AN8: 0 | AO8: 335 | AP8: 270 | AS8: 426 | AT8: 487 | AU8: 270 | AV8: 335 | AW8: 426 | AX8: 487 | AY8: 270 | AZ8: 335
A9: 32513.34 | B9: -6317 | C9: 37196.44 | D9: 6511.83 | E9: 340 | F9: 6362 | G9: 650.47 | H9: 651.34 | I9: 500.42 | J9: 636.48 | K9: 568.59 | L9: 583.24 | N9: 849.77 | O9: 482 | P9: 488.8 | Q9: 32480.41 | R9: 6376.414 | S9: 5259.635 | T9: 4.029 | U9: 5263.664 | V9: 476.762 | W9: 50.033 | X9: 7120.594 | Y9: 11658.02 | Z9: 1553.81 | AA9: 否 | AB9: -2725.873 | AF9: 275 | AG9: 0 | AH9: 275 | AL9: 11234.02 | AM9: 11234.02 | AN9: 0 | AO9: 340 | AP9: 275 | AS9: 426 | AT9: 487 | AU9: 275 | AV9: 340 | AW9: 426 | AX9: 487 | AY9: 275 | AZ9: 340
A10: 32435.84 | B10: -6317 | C10: 37019.56 | D10: 6499.37 | E10: 340 | F10: 6362 | G10: 651.34 | H10: 651.34 | I10: 501.59 | J10: 637.48 | K10: 569.99 | L10: 582.55 | N10: 849.77 | O10: 484.1 | P10: 490.9 | Q10: 32330.46 | R10: 6308.693 | S10: 5467.71 | T10: 3.995 | U10: 5471.705 | V10: 479.01 | W10: 50.027 | X10: 7548.668 | Y10: 11283.24 | Z10: 1562.85 | AA10: 否 | AB10: -2731.476 | AF10: 280 | AG10: 0 | AH10: 280 | AL10: 11262.93 | AM10: 11262.93 | AN10: 0 | AO10: 340 | AP10: 280 | AS10: 426 | AT10: 487 | AU10: 280 | AV10: 340 | AW10: 426 | AX10: 487 | AY10: 280 | AZ10: 340
A11: 32291.12 | B11: -6317 | C11: 35715.36 | D11: 6397.13 | E11: 323 | F11: 6362 | G11: 651.34 | H11: 652.19 | I11: 501.77 | J11: 636.55 | K11: 569.29 | L11: 582.55 | N11: 849.36 | O11: 422.4 | P11: 426.2 | Q11: 31740.32 | R11: 6320.047 | S11: 5611.782 | T11: 3.933 | U11: 5615.715 | V11: 478.988 | W11: 50.011 | X11: 8274.473 | Y11: 10526.56 | Z11: 1552.31 | AA11: 否 | AB11: -2852.221 | AF11: 271 | AG11: 0 | AH11: 271 | AL11: 11281.18 | AM11: 11281.18 | AN11: 0 | AO11: 323 | AP11: 271 | AS11: 426 | AT11: 426 | AU11: 271 | AV11: 323 | AW11: 426 | AX11: 426 | AY11: 271 | AZ11: 323
A12: 31880.52 | B12: -6317 | C12: 35218.33 | D12: 6438.42 | E12: 320 | F12: 6362 | G12: 616.3 | H12: 617.14 | I12: 502.14 | J12: 636.81 | K12: 569.99 | L12: 583.24 | N12: 849.77 | O12: 421 | P12: 424.1 | Q12: 31825.44 | R12: 6282.736 | S12: 5762.936 | T12: 3.958 | U12: 5766.894 | V12: 478.838 | W12: 50.03 | X12: 8375.648 | Y12: 10392.7 | Z12: 1554.97 | AA12: 否 | AB12: -2850.82 | AF12: 268 | AG12: 0 | AH12: 268 | AL12: 11300.5 | AM12: 11300.5 | AN12: 0 | AO12: 320 | AP12: 268 | AS12: 426 | AT12: 426 | AU12: 268 | AV12: 320 | AW12: 426 | AX12: 426 | AY12: 268 | AZ12: 320
A13: 31766.19 | B13: -6317 | C13: 34974.57 | D13: 6550.74 | E13: 320 | F13: 6362 | G13: 589.82 | H13: 590.66 | I13: 502.32 | J13: 637.56 | K13: 569.99 | L13: 583.24 | N13: 849.77 | O13: 430 | P13: 424.5 | Q13: 32122.08 | R13: 6198.958 | S13: 6007.345 | T13: 3.994 | U13: 6011.339 | V13: 479.358 | W13: 49.964 | X13: 8400.883 | Y13: 10376.2 | Z13: 1557.01 | AA13: 否 | AB13: -2841.855 | AF13: 270 | AG13: 0 | AH13: 270 | AL13: 11309.97 | AM13: 11309.97 | AN13: 0 | AO13: 320 | AP13: 270 | AS13: 426 | AT13: 426 | AU13: 270 | AV13: 320 | AW13: 426 | AX13: 426 | AY13: 270 | AZ13: 320
A14: 31841.6 | B14: -6317 | C14: 35373.77 | D14: 6715.73 | E14: 323 | F14: 6362 | G14: 646.22 | H14: 647.06 | I14: 502.67 | J14: 636.38 | K14: 570.22 | L14: 582.55 | N14: 848.95 | O14: 430.3 | P14: 425 | Q14: 32022.76 | R14: 6433.424 | S14: 6278.937 | T14: 3.931 | U14: 6282.868 | V14: 477.531 | W14: 50.033 | X14: 8532.059 | Y14: 10306.79 | Z14: 1560.99 | AA14: 否 | AB14: -2843.957 | AF14: 265 | AG14: 0 | AH14: 265 | AL14: 11307.77 | AM14: 11307.77 | AN14: 0 | AO14: 323 | AP14: 265 | AS14: 426 | AT14: 426 | AU14: 265 | AV14: 323 | AW14: 426 | AX14: 426 | AY14: 265 | AZ14: 323
... A97: 33177.15 | B97: -6456.05 | C97: 34812.76 | D97: 7272.6 | E97: 307.67 | F97: 6841 | G97: 462.48 | H97: 463.35 | I97: 500.92 | J97: 637.97 | K97: 572.54 | L97: 571.38 | N97: 849.36 | O97: 429.9 | P97: 424 | Q97: 33219.89 | R97: 6250.513 | S97: 7680.465 | T97: 4.122 | U97: 7684.587 | V97: 502.723 | W97: 50.016 | X97: 11086.37 | Y97: 8888.004 | Z97: 1522.53 | AA97: 是 | AB97: -3075.082 | AF97: 320 | AG97: 0 | AH97: 320 | AL97: 6142.88 | AM97: 6142.88 | AN97: 0 | AO97: 307.67 | AP97: 320 | AS97: 426 | AT97: 426 | AU97: 320 | AV97: 310 | AW97: 426 | AX97: 426 | AY97: 320 | AZ97: 310

Sheet 2024年12月8日
A1: 用电负荷(MW) | B1: 外送计划(MW) | C1: 火电总计划(MW) | D1: 新能源总计划(MW) | E1: 用户侧价格(元/MWh) | G1: 塔山3# | H1: 塔山4# | I1: 王家岭电厂1#机 | J1: 王家岭电厂2#机 | K1: 神泉1# | L1: 神泉2# | M1: 神泉二期3号机 | N1: 神泉二期4号机 | O1: 紫荆电厂01# | P1: 紫荆电厂02# | Q1: 系统负荷实际值(MW) | R1: 外送实际值(MW) | S1: 风电实际值(MW) | T1: 光伏实际值(MW) | U1: 风光总加实际值(MW) | V1: 水电实际值(MW) | W1: 频率实际值(MW) | X1: 实际上旋备用(MW) | Y1: 实际下旋备用(MW) | Z1: 非市场化机组实际出力(MW) | AA1: 湖关三回线-是否越限 | AB1: 湖关三-潮流(MW) | AC1: 实时节点边际电价-电能量价格(元/MWh) | AD1: 实时节点边际电价-阻塞价格(元/MWh) | AE1: 实时节点边际电价-节点电价(元/MWh) | AF1: 日前节点边际电价-电能量价格(元/MWh) | AG1: 日前节点边际电价-阻塞价格(元/MWh) | AH1: 日前节点边际电价-节点电价(元/MWh) | AI1: 日前联络线电力值(MW) | AJ1: 省内负荷预测电力值(MW) | AK1: 总加电力值(MW) | AL1: 电力值(MW) | AM1: 风电(MW) | AN1: 光伏(MW) | AO1: 实时出清价格(元/MWh) | AP1: 日前出清价格(元/MWh) | AQ1: 日前-出清概况 | AR1: 实时-出清概况 | AS1: 1#日前结果(MW) | AT1: 1#实时结果(MW) | AU1: 1#日前价格(元/MWh) | AV1: 1#实时价格(元/MWh) | AW1: 2#日前结果(MW) | AX1: 2#实时结果(MW) | AY1: 2#日前价格(元/MWh) | AZ1: 2#实时价格(元/MWh)
A2: 33697.02 | B2: -6317 | C2: 34955.98 | D2: 7469.78 | E2: 316.21 | G2: 563.31 | H2: 563.31 | I2: 501.41 | J2: 636.45 | K2: 569.29 | L2: 571.85 | M2: 919.25 | N2: 849.36 | O2: 419.6 | P2: 362.3 | Q2: 33476.88 | R2: 6397.67 | S2: 7508.756 | T2: 4.04 | U2: 7512.796 | V2: 503.823 | W2: 50.031 | X2: 10504.84 | Y2: 9477.41 | Z2: 1537.11 | AA2: 是 | AB2: -3326.657 | AC2: 320 | AD2: 0 | AE2: 320 | AF2: 350 | AG2: 0 | AH2: 350 | AI2: 6317 | AJ2: 33593 | AK2: 39910 | AL2: 5250.9 | AM2: 5250.9 | AN2: 0 | AO2: 316.21 | AP2: 350 | AQ2: 12月08日,直调用电预测最大负荷3852.00万千瓦，最小2902.79万千瓦；外送电最大874.49万千瓦，最小611.40万千瓦；日前现货市场出清节点电价最大1500.00元/MWh，最小0.00元/MWh，算术平均502.37元/MWh；日前现货市场火电机组运行135台，运行机组容量47590.00MW；日前调频市场需求最大值4499.80MW，需求最小值为3991.00MW；中标机组最多22台，中标机组最少20台；中标机组调频性能指标平均值为4.18；边际出清价格最大30.00元/MWh，最小7.14元/MWh；火电机组必开97台次、必开容量30591.00MW，必停24台次、必停容量3955.00MW。 | AR2: 12月08日直调用电实际最大负荷3961.93万千瓦，最小2977.85万千瓦；12月08日日外送电实际安排最大874.49万千瓦，最小611.40万千瓦；12月08日实时现货市场出清价格最大1500.00元/MWh，最小0.00元/MWh，算术平均634.99元/MWh；实时现货市场有阻塞，崛南双断面负载率最高，达到131.00%;湖关三回线断面负载率次高，达到100.00%。 | AS2: 525 | AT2: 426 | AU2: 350 | AV2: 320 | AW2: 525 | AX2: 426 | AY2: 350 | AZ2: 320
A3: 33592.39 | B3: -6317 | C3: 35168.95 | D3: 7417.76 | E3: 316.28 | G3: 594.94 | H3: 591.51 | I3: 502.17 | J3: 637 | K3: 570.68 | L3: 571.85 | M3: 920.89 | N3: 848.95 | O3: 431 | P3: 369.3 | Q3: 33471.01 | R3: 6450.047 | S3: 7428.504 | T3: 4.112 | U3: 7432.616 | V3: 501.913 | W3: 49.967 | X3: 10378.13 | Y3: 9657.211 | Z3: 1542.66 | AA3: 是 | AB3: -3288.136 | AC3: 320 | AD3: 0 | AE3: 320 | AF3: 337 | AG3: 0 | AH3: 337 | AI3: 6317 | AJ3: 33427 | AK3: 39744 | AL3: 5239.19 | AM3: 5239.19 | AN3: 0 | AO3: 316.28 | AP3: 337 | AS3: 487 | AT3: 426 | AU3: 337 | AV3: 320 | AW3: 487 | AX3: 426 | AY3: 337 | AZ3: 320
A4: 33648.71 | B4: -6317 | C4: 35351.14 | D4: 7074.99 | E4: 317.05 | G4: 616.3 | H4: 619.71 | I4: 499.2 | J4: 637.05 | K4: 570.22 | L4: 570.68 | M4: 920.07 | N4: 848.95 | O4: 427.3 | P4: 363.7 | Q4: 33563.95 | R4: 6470.604 | S4: 7361.744 | T4: 4.056 | U4: 7365.8 | V4: 502.901 | W4: 50.037 | X4: 10202.92 | Y4: 9815.422 | Z4: 1546.59 | AA4: 是 | AB4: -3429.473 | AC4: 320 | AD4: 0 | AE4: 320 | AF4: 340 | AG4: 0 | AH4: 340 | AI4: 6317 | AJ4: 33260 | AK4: 39577 | AL4: 5245.54 | AM4: 5245.54 | AN4: 0 | AO4: 317.05 | AP4: 340 | AS4: 487 | AT4: 426 | AU4: 340 | AV4: 320 | AW4: 487 | AX4: 426 | AY4: 340 | AZ4: 320
A5: 33270.58 | B5: -6317 | C5: 35105.85 | D5: 7150.85 | E5: 316.28 | G5: 582.97 | H5: 580.41 | I5: 500.95 | J5: 635.45 | K5: 570.22 | L5: 571.85 | M5: 920.48 | N5: 850.59 | O5: 431.8 | P5: 371.6 | Q5: 33194.8 | R5: 6197.967 | S5: 7272.228 | T5: 4.061 | U5: 7276.288 | V5: 378.196 | W5: 49.966 | X5: 10757.72 | Y5: 9387.07 | Z5: 1549.9 | AA5: 是 | AB5: -3430.874 | AC5: 320 | AD5: 0 | AE5: 320 | AF5: 350 | AG5: 0 | AH5: 350 | AI5: 6317 | AJ5: 33116 | AK5: 39433 | AL5: 5245.65 | AM5: 5245.65 | AN5: 0 | AO5: 316.28 | AP5: 350 | AS5: 490.78 | AT5: 426 | AU5: 350 | AV5: 320 | AW5: 490.78 | AX5: 426 | AY5: 350 | AZ5: 320
A6: 32994.11 | B6: -6317 | C6: 34993.97 | D6: 6985.86 | E6: 316.03 | G6: 566.74 | H6: 565.87 | I6: 502.09 | J6: 636.38 | K6: 569.52 | L6: 572.08 | M6: 920.48 | N6: 849.77 | O6: 429.3 | P6: 368.9 | Q6: 33141.16 | R6: 6418.808 | S6: 7166.754 | T6: 4.06 | U6: 7170.814 | V6: 379.066 | W6: 50.015 | X6: 10490.12 | Y6: 9662 | Z6: 1545.46 | AA6: 是 | AB6: -3281.973 | AC6: 320 | AD6: 0 | AE6: 320 | AF6: 330 | AG6: 0 | AH6: 330 | AI6: 6317 | AJ6: 32993 | AK6: 39310 | AL6: 5234.04 | AM6: 5234.04 | AN6: 0 | AO6: 316.03 | AP6: 330 | AS6: 449.18 | AT6: 426 | AU6: 330 | AV6: 320 | AW6: 449.18 | AX6: 426 | AY6: 330 | AZ6: 320
A7: 32713.37 | B7: -6317 | C7: 34940.51 | D7: 6904.48 | E7: 315.77 | G7: 562.46 | H7: 564.18 | I7: 503.16 | J7: 635.58 | K7: 570.22 | L7: 572.08 | M7: 920.07 | N7: 849.77 | O7: 428.3 | P7: 369 | Q7: 32825.02 | R7: 6333.081 | S7: 7047.627 | T7: 4.086 | U7: 7051.713 | V7: 378.898 | W7: 50.008 | X7: 10759.28 | Y7: 9388.184 | Z7: 1429.56 | AA7: 是 | AB7: -3294.72 | AC7: 320 | AD7: 0 | AE7: 320 | AF7: 320 | AG7: 0 | AH7: 320 | AI7: 6317 | AJ7: 32853 | AK7: 39170 | AL7: 5218.58 | AM7: 5218.58 | AN7: 0 | AO7: 315.77 | AP7: 320 | AS7: 426 | AT7: 426 | AU7: 320 | AV7: 320 | AW7: 426 | AX7: 426 | AY7: 320 | AZ7: 320
A8: 32879.57 | B8: -6317 | C8: 35335.5 | D8: 6871.98 | E8: 315.44 | G8: 631.68 | H8: 632.53 | I8: 503.09 | J8: 636.78 | K8: 569.52 | L8: 571.85 | M8: 919.25 | N8: 849.36 | O8: 428.4 | P8: 369.1 | Q8: 32758.24 | R8: 6406.869 | S8: 6853.181 | T8: 4.093 | U8: 6857.274 | V8: 253.452 | W8: 50.017 | X8: 10562.52 | Y8: 9685.223 | Z8: 1426.01 | AA8: 是 | AB8: -3304.666 | AC8: 320 | AD8: 0 | AE8: 320 | AF8: 330 | AG8: 0 | AH8: 330 | AI8: 6317 | AJ8: 32688 | AK8: 39005 | AL8: 5191.41 | AM8: 5191.41 | AN8: 0 | AO8: 315.44 | AP8: 330 | AS8: 426 | AT8: 426 | AU8: 330 | AV8: 320 | AW8: 426 | AX8: 426 | AY8: 330 | AZ8: 320
A9: 32609.48 | B9: -6317 | C9: 35062.2 | D9: 6867.28 | E9: 315.54 | G9: 586.38 | H9: 584.69 | I9: 503.06 | J9: 636.39 | K9: 570.22 | L9: 570.92 | M9: 919.25 | N9: 849.36 | O9: 429.5 | P9: 368.4 | Q9: 32615.39 | R9: 6359.993 | S9: 6691.982 | T9: 4.131 | U9: 6696.112 | V9: 253.49 | W9: 49.978 | X9: 10591.46 | Y9: 9657.363 | Z9: 1426.88 | AA9: 是 | AB9: -3316.852 | AC9: 320 | AD9: 0 | AE9: 320 | AF9: 330 | AG9: 0 | AH9: 330 | AI9: 6317 | AJ9: 32540 | AK9: 38857 | AL9: 5162.44 | AM9: 5162.44 | AN9: 0 | AO9: 315.54 | AP9: 330 | AS9: 466.26 | AT9: 426 | AU9: 330 | AV9: 320 | AW9: 466.26 | AX9: 426 | AY9: 330 | AZ9: 320
A10: 32728.65 | B10: -6317 | C10: 35245.91 | D10: 6814.07 | E10: 315.59 | G10: 618.02 | H10: 617.14 | I10: 502.7 | J10: 635.78 | K10: 569.52 | L10: 572.08 | M10: 919.66 | N10: 850.59 | O10: 428.1 | P10: 368.5 | Q10: 32495.87 | R10: 6348.177 | S10: 6511.585 | T10: 4.014 | U10: 6515.599 | V10: 253.469 | W10: 50.02 | X10: 10538.49 | Y10: 9605.953 | Z10: 1294.95 | AA10: 是 | AB10: -3326.377 | AC10: 320 | AD10: 0 | AE10: 320 | AF10: 329 | AG10: 0 | AH10: 329 | AI10: 6317 | AJ10: 32405 | AK10: 38722 | AL10: 5130.85 | AM10: 5130.85 | AN10: 0 | AO10: 315.59 | AP10: 329 | AS10: 426 | AT10: 426 | AU10: 329 | AV10: 320 | AW10: 426 | AX10: 426 | AY10: 329 | AZ10: 320
A11: 32386.28 | B11: -6317 | C11: 35247.38 | D11: 6737.22 | E11: 315.61 | G11: 619.71 | H11: 618.02 | I11: 502.48 | J11: 635.44 | K11: 569.99 | L11: 572.54 | M11: 919.25 | N11: 850.18 | O11: 425.9 | P11: 364.7 | Q11: 32598.77 | R11: 6353.349 | S11: 6452.184 | T11: 3.994 | U11: 6456.178 | V11: 253.957 | W11: 50.033 | X11: 10384.48 | Y11: 9767.18 | Z11: 1290.57 | AA11: 是 | AB11: -3352.571 | AC11: 320 | AD11: 0 | AE11: 320 | AF11: 319 | AG11: 0 | AH11: 319 | AI11: 6317 | AJ11: 32286 | AK11: 38603 | AL11: 5103.62 | AM11: 5103.62 | AN11: 0 | AO11: 315.61 | AP11: 319 | AS11: 426 | AT11: 426 | AU11: 319 | AV11: 320 | AW11: 426 | AX11: 426 | AY11: 319 | AZ11: 320
A12: 32338.16 | B12: -6317 | C12: 35078.11 | D12: 6658.74 | E12: 319.47 | G12: 572.72 | H12: 571 | I12: 502.53 | J12: 636.17 | K12: 569.52 | L12: 571.85 | M12: 920.07 | N12: 848.54 | O12: 428.1 | P12: 368.2 | Q12: 32537.61 | R12: 6106.423 | S12: 6399.185 | T12: 3.998 | U12: 6403.183 | V12: 254.402 | W12: 49.978 | X12: 10647.01 | Y12: 9410.441 | Z12: 1297.95 | AA12: 是 | AB12: -3354.812 | AC12: 320 | AD12: 0 | AE12: 320 | AF12: 319 | AG12: 0 | AH12: 319 | AI12: 6317 | AJ12: 32180 | AK12: 38497 | AL12: 5072.8 | AM12: 5072.8 | AN12: 0 | AO12: 319.47 | AP12: 319 | AS12: 426 | AT12: 426 | AU12: 319 | AV12: 320 | AW12: 426 | AX12: 426 | AY12: 319 | AZ12: 320
A13: 32532.17 | B13: -6317 | C13: 35828.34 | D13: 6515.62 | E13: 329.3 | G13: 647.06 | H13: 646.22 | I13: 502.29 | J13: 635.89 | K13: 570.22 | L13: 571.38 | M13: 919.25 | N13: 849.36 | O13: 443.1 | P13: 392.7 | Q13: 32342.02 | R13: 6449.957 | S13: 6244.68 | T13: 4.089 | U13: 6248.769 | V13: 253.595 | W13: 49.968 | X13: 10355.33 | Y13: 9703.004 | Z13: 1290.92 | AA13: 是 | AB13: -3319.793 | AC13: 330 | AD13: 0 | AE13: 330 | AF13: 329 | AG13: 0 | AH13: 329 | AI13: 6317 | AJ13: 32038 | AK13: 38355 | AL13: 5042.91 | AM13: 5042.91 | AN13: 0 | AO13: 329.3 | AP13: 329 | AS13: 426 | AT13: 437.39 | AU13: 329 | AV13: 330 | AW13: 426 | AX13: 437.39 | AY13: 329 | AZ13: 330
A14: 32495.06 | B14: -6317 | C14: 35875.99 | D14: 6385.21 | E14: 329.27 | G14: 647.91 | H14: 648.78 | I14: 502.65 | J14: 635.53 | K14: 569.52 | L14: 571.85 | M14: 920.48 | N14: 849.36 | O14: 435 | P14: 380.4 | Q14: 32070.04 | R14: 6405.124 | S14: 6185.654 | T14: 4.077 | U14: 6189.731 | V14: 253.519 | W14: 50.014 | X14: 10608.26 | Y14: 9477.402 | Z14: 1294.25 | AA14: 是 | AB14: -3342.906 | AC14: 330 | AD14: 0 | AE14: 330 | AF14: 319 | AG14: 0 | AH14: 319 | AI14: 6317 | AJ14: 31890 | AK14: 38207 | AL14: 5022.56 | AM14: 5022.56 | AN14: 0 | AO14: 329.27 | AP14: 319 | AS14: 426 | AT14: 431.69 | AU14: 319 | AV14: 330 | AW14: 426 | AX14: 431.69 | AY14: 319 | AZ14: 330
... A97: 33105.14 | B97: -6204 | C97: 38554.95 | D97: 4099.74 | E97: 350 | G97: 651.34 | H97: 651.34 | I97: 508.26 | J97: 648.09 | K97: 569.29 | L97: 582.08 | M97: 915.14 | N97: 847.71 | O97: 499.6 | P97: 498.4 | Q97: 32975.72 | R97: 6221.961 | S97: 4264.451 | T97: 3.968 | U97: 4268.419 | V97: 370.284 | W97: 50.035 | X97: 9144.559 | Y97: 10313.06 | Z97: 1392.04 | AA97: 是 | AB97: -3005.744 | AC97: 350 | AD97: 0 | AE97: 350 | AF97: 350 | AG97: 0 | AH97: 350 | AI97: 6204 | AJ97: 33264.4 | AK97: 39468.4 | AL97: 3554.58 | AM97: 3554.58 | AN97: 0 | AO97: 350 | AP97: 350 | AS97: 528.58 | AT97: 505.9 | AU97: 350 | AV97: 350 | AW97: 528.58 | AX97: 505.9 | AY97: 350 | AZ97: 350

Sheet 2024年12月9日
A1: 用电负荷(MW) | B1: 外送计划(MW) | C1: 火电总计划(MW) | D1: 新能源总计划(MW) | E1: 用户侧价格(元/MWh) | F1: 特高压雁淮直流外送-电力(MW) | G1: 塔山3# | H1: 塔山4# | I1: 王家岭电厂1#机 | J1: 王家岭电厂2#机 | K1: 神泉1# | L1: 神泉2# | M1: 神泉二期3号机 | N1: 神泉二期4号机 | O1: 紫荆电厂01# | P1: 紫荆电厂02# | Q1: 系统负荷实际值(MW) | R1: 外送实际值(MW) | S1: 风电实际值(MW) | T1: 光伏实际值(MW) | U1: 风光总加实际值(MW) | V1: 水电实际值(MW) | W1: 频率实际值(MW) | X1: 实际上旋备用(MW) | Y1: 实际下旋备用(MW) | Z1: 非市场化机组实际出力(MW) | AA1: 湖关三回线-是否越限 | AB1: 湖关三-潮流(MW) | AC1: 实时节点边际电价-电能量价格(元/MWh) | AD1: 实时节点边际电价-阻塞价格(元/MWh) | AE1: 实时节点边际电价-节点电价(元/MWh) | AF1: 日前节点边际电价-电能量价格(元/MWh) | AG1: 日前节点边际电价-阻塞价格(元/MWh) | AH1: 日前节点边际电价-节点电价(元/MWh) | AI1: 日前联络线电力值(MW) | AJ1: 省内负荷预测电力值(MW) | AK1: 总加电力值(MW) | AL1: 电力值(MW) | AM1: 风电(MW) | AN1: 光伏(MW) | AO1: 实时出清价格(元/MWh) | AP1: 日前出清价格(元/MWh) | AQ1: 日前-出清概况 | AR1: 实时-出清概况 | AS1: 1#日前结果(MW) | AT1: 1#实时结果(MW) | AU1: 1#日前价格(元/MWh) | AV1: 1#实时价格(元/MWh) | AW1: 2#日前结果(MW) | AX1: 2#实时结果(MW) | AY1: 2#日前价格(元/MWh) | AZ1: 2#实时价格(元/MWh)
A2: 33457.35 | B2: -6694 | C2: 38852.01 | D2: 4299.6 | E2: 350 | F2: 7192 | G2: 652.19 | H2: 652.19 | I2: 509.42 | J2: 643.83 | K2: 569.52 | L2: 572.08 | M2: 917.6 | N2: 849.77 | O2: 553.5 | P2: 548.4 | Q2: 33723.25 | R2: 6618.021 | S2: 4340.433 | T2: 4.04 | U2: 4344.473 | V2: 367.638 | W2: 49.994 | X2: 8086.043 | Y2: 11309.09 | Z2: 1446.7 | AA2: 是 | AB2: -3456.367 | AC2: 350 | AD2: 0 | AE2: 350 | AF2: 360 | AG2: 0 | AH2: 360 | AI2: 6694 | AJ2: 33858 | AK2: 40552 | AL2: 3634.83 | AM2: 3634.83 | AN2: 0 | AO2: 350 | AP2: 360 | AQ2: 12月09日,直调用电预测最大负荷3901.00万千瓦，最小2893.70万千瓦；外送电最大911.20万千瓦，最小580.83万千瓦；日前现货市场出清节点电价最大1500.00元/MWh，最小0.00元/MWh，算术平均558.38元/MWh；日前现货市场火电机组运行135台，运行机组容量47590.00MW；日前调频市场需求最大值4499.10MW，需求最小值为4055.20MW；中标机组最多24台，中标机组最少22台；中标机组调频性能指标平均值为4.07；边际出清价格最大30.00元/MWh，最小7.12元/MWh；火电机组必开97台次、必开容量30591.00MW，必停24台次、必停容量3955.00MW。 | AR2: 12月09日直调用电实际最大负荷3946.02万千瓦，最小3080.21万千瓦；12月09日日外送电实际安排最大911.20万千瓦，最小580.83万千瓦；12月09日实时现货市场出清价格最大1500.00元/MWh，最小0.00元/MWh，算术平均709.53元/MWh；实时现货市场有阻塞，崛南双断面负载率最高，达到127.00%;晋中主变断面负载率次高，达到98.00%。 | AS2: 555 | AT2: 555 | AU2: 360 | AV2: 350 | AW2: 555 | AX2: 555 | AY2: 360 | AZ2: 350
A3: 33673.21 | B3: -6694 | C3: 38997.83 | D3: 4349.44 | E3: 350 | F3: 7194 | G3: 653.03 | H3: 651.34 | I3: 509.41 | J3: 647.45 | K3: 569.99 | L3: 572.78 | M3: 915.96 | N3: 849.36 | O3: 554 | P3: 555.7 | Q3: 33506.59 | R3: 6780.863 | S3: 4374.753 | T3: 3.998 | U3: 4378.75 | V3: 370.6 | W3: 49.97 | X3: 8172.254 | Y3: 11216.15 | Z3: 1437.86 | AA3: 是 | AB3: -3455.947 | AC3: 350 | AD3: 0 | AE3: 350 | AF3: 350 | AG3: 0 | AH3: 350 | AI3: 6694 | AJ3: 33789 | AK3: 40483 | AL3: 3696.12 | AM3: 3696.12 | AN3: 0 | AO3: 350 | AP3: 350 | AS3: 555 | AT3: 555 | AU3: 350 | AV3: 350 | AW3: 555 | AX3: 555 | AY3: 350 | AZ3: 350
A4: 33662.12 | B4: -6694 | C4: 39054.63 | D4: 4551.09 | E4: 350 | F4: 7195 | G4: 652.19 | H4: 653.03 | I4: 509.95 | J4: 647.41 | K4: 570.68 | L4: 572.78 | M4: 918.42 | N4: 850.18 | O4: 554.5 | P4: 555.8 | Q4: 33535.35 | R4: 6688.189 | S4: 4445.138 | T4: 3.934 | U4: 4449.072 | V4: 372.439 | W4: 49.991 | X4: 8307.043 | Y4: 11101.32 | Z4: 1430.75 | AA4: 是 | AB4: -3452.025 | AC4: 350 | AD4: 0 | AE4: 350 | AF4: 350 | AG4: 0 | AH4: 350 | AI4: 6694 | AJ4: 33473 | AK4: 40167 | AL4: 3784.2 | AM4: 3784.2 | AN4: 0 | AO4: 350 | AP4: 350 | AS4: 555 | AT4: 555 | AU4: 350 | AV4: 350 | AW4: 555 | AX4: 555 | AY4: 350 | AZ4: 350
A5: 33186.1 | B5: -6694 | C5: 38468.93 | D5: 4601.91 | E5: 350 | F5: 7195 | G5: 652.19 | H5: 652.19 | I5: 509.15 | J5: 647 | K5: 569.99 | L5: 573.48 | M5: 916.37 | N5: 849.77 | O5: 552.9 | P5: 554.7 | Q5: 33172.75 | R5: 6735.5 | S5: 4495.948 | T5: 3.95 | U5: 4499.898 | V5: 372.301 | W5: 50.034 | X5: 8686.617 | Y5: 10838.28 | Z5: 1428.19 | AA5: 是 | AB5: -3452.445 | AC5: 350 | AD5: 0 | AE5: 350 | AF5: 350 | AG5: 0 | AH5: 350 | AI5: 6694 | AJ5: 33171 | AK5: 39865 | AL5: 3852.77 | AM5: 3852.77 | AN5: 0 | AO5: 350 | AP5: 350 | AS5: 555 | AT5: 555 | AU5: 350 | AV5: 350 | AW5: 555 | AX5: 555 | AY5: 350 | AZ5: 350
A6: 32921.67 | B6: -6694 | C6: 38133.29 | D6: 4679.59 | E6: 350 | F6: 7194 | G6: 652.19 | H6: 652.19 | I6: 508.97 | J6: 647.17 | K6: 569.29 | L6: 572.78 | M6: 917.19 | N6: 849.77 | O6: 554.6 | P6: 555.6 | Q6: 32804.65 | R6: 6762.343 | S6: 4622.089 | T6: 3.984 | U6: 4626.073 | V6: 373.5 | W6: 50.012 | X6: 9150.145 | Y6: 10395.82 | Z6: 1424.77 | AA6: 是 | AB6: -3446.843 | AC6: 350 | AD6: 0 | AE6: 350 | AF6: 350 | AG6: 0 | AH6: 350 | AI6: 6694 | AJ6: 33050 | AK6: 39744 | AL6: 3938.08 | AM6: 3938.08 | AN6: 0 | AO6: 350 | AP6: 350 | AS6: 555 | AT6: 555 | AU6: 350 | AV6: 350 | AW6: 555 | AX6: 555 | AY6: 350 | AZ6: 350
A7: 32818.52 | B7: -6694 | C7: 38441.69 | D7: 4643.24 | E7: 350 | F7: 7195 | G7: 652.19 | H7: 652.19 | I7: 509.61 | J7: 646.66 | K7: 569.52 | L7: 573.48 | M7: 916.78 | N7: 850.18 | O7: 555 | P7: 555.7 | Q7: 32549.57 | R7: 6801.447 | S7: 4713.473 | T7: 3.973 | U7: 4717.446 | V7: 373.366 | W7: 49.974 | X7: 9451.73 | Y7: 10117.23 | Z7: 1412.98 | AA7: 是 | AB7: -3446.282 | AC7: 350 | AD7: 0 | AE7: 350 | AF7: 340 | AG7: 0 | AH7: 340 | AI7: 6694 | AJ7: 33019 | AK7: 39713 | AL7: 4051.82 | AM7: 4051.82 | AN7: 0 | AO7: 350 | AP7: 340 | AS7: 555 | AT7: 555 | AU7: 340 | AV7: 350 | AW7: 555 | AX7: 555 | AY7: 340 | AZ7: 350
A8: 32469.97 | B8: -6694 | C8: 37808.96 | D8: 4705.97 | E8: 350 | F8: 7194 | G8: 652.19 | H8: 652.19 | I8: 509.71 | J8: 647.75 | K8: 569.52 | L8: 572.54 | M8: 918.01 | N8: 849.77 | O8: 558.1 | P8: 555.7 | Q8: 32498.95 | R8: 6713.883 | S8: 4764.249 | T8: 4 | U8: 4768.25 | V8: 373.343 | W8: 50.009 | X8: 9645.828 | Y8: 9929.375 | Z8: 1419.97 | AA8: 是 | AB8: -3447.963 | AC8: 350 | AD8: 0 | AE8: 350 | AF8: 350 | AG8: 0 | AH8: 350 | AI8: 6694 | AJ8: 32968 | AK8: 39662 | AL8: 4149.63 | AM8: 4149.63 | AN8: 0 | AO8: 350 | AP8: 350 | AS8: 555 | AT8: 555 | AU8: 350 | AV8: 350 | AW8: 555 | AX8: 555 | AY8: 350 | AZ8: 350
A9: 32447.2 | B9: -6694 | C9: 37186.17 | D9: 4798.97 | E9: 330 | F9: 7194 | G9: 653.03 | H9: 653.03 | I9: 501.72 | J9: 637.36 | K9: 569.99 | L9: 572.54 | M9: 918.01 | N9: 849.77 | O9: 536.2 | P9: 537.7 | Q9: 32355.54 | R9: 6811.98 | S9: 4829.925 | T9: 3.997 | U9: 4833.922 | V9: 374.204 | W9: 49.978 | X9: 9755.441 | Y9: 9839.617 | Z9: 1430.33 | AA9: 是 | AB9: -3489.145 | AC9: 330 | AD9: 0 | AE9: 330 | AF9: 350 | AG9: 0 | AH9: 350 | AI9: 6694 | AJ9: 32854 | AK9: 39548 | AL9: 4236.95 | AM9: 4236.95 | AN9: 0 | AO9: 330 | AP9: 350 | AS9: 555 | AT9: 537.39 | AU9: 350 | AV9: 330 | AW9: 555 | AX9: 537.39 | AY9: 350 | AZ9: 330
A10: 32351.82 | B10: -6694 | C10: 37351.9 | D10: 4878.74 | E10: 340 | F10: 7197 | G10: 653.03 | H10: 653.03 | I10: 501.25 | J10: 637.09 | K10: 570.22 | L10: 573.48 | M10: 917.6 | N10: 848.95 | O10: 556.4 | P10: 552.3 | Q10: 32416.89 | R10: 6761.459 | S10: 4921.151 | T10: 3.983 | U10: 4925.134 | V10: 284.032 | W10: 49.971 | X10: 9829.473 | Y10: 9771.262 | Z10: 1431.74 | AA10: 是 | AB10: -3459.029 | AC10: 340 | AD10: 0 | AE10: 340 | AF10: 350 | AG10: 0 | AH10: 350 | AI10: 6694 | AJ10: 32716 | AK10: 39410 | AL10: 4366.3 | AM10: 4366.3 | AN10: 0 | AO10: 340 | AP10: 350 | AS10: 555 | AT10: 555 | AU10: 350 | AV10: 340 | AW10: 555 | AX10: 555 | AY10: 350 | AZ10: 340
A11: 32232.42 | B11: -6694 | C11: 37187.52 | D11: 4890.7 | E11: 330 | F11: 7196 | G11: 649.63 | H11: 652.19 | I11: 500.91 | J11: 637.45 | K11: 570.22 | L11: 572.08 | M11: 918.01 | N11: 849.77 | O11: 552.6 | P11: 549.4 | Q11: 32172.99 | R11: 6762.983 | S11: 4930.626 | T11: 4.028 | U11: 4934.654 | V11: 283.673 | W11: 50.034 | X11: 10065.71 | Y11: 9542.791 | Z11: 1425.83 | AA11: 是 | AB11: -3464.492 | AC11: 330 | AD11: 0 | AE11: 330 | AF11: 320 | AG11: 0 | AH11: 320 | AI11: 6694 | AJ11: 32619 | AK11: 39313 | AL11: 4413.57 | AM11: 4413.57 | AN11: 0 | AO11: 330 | AP11: 320 | AS11: 456 | AT11: 553.15 | AU11: 320 | AV11: 330 | AW11: 456 | AX11: 553.15 | AY11: 320 | AZ11: 330
A12: 32122.03 | B12: -6694 | C12: 37437.41 | D12: 4909.9 | E12: 337 | F12: 7196 | G12: 649.63 | H12: 651.34 | I12: 500.77 | J12: 636.97 | K12: 569.29 | L12: 573.24 | M12: 917.19 | N12: 850.18 | O12: 553.4 | P12: 549.4 | Q12: 32167.37 | R12: 6663.901 | S12: 4952.427 | T12: 4.074 | U12: 4956.501 | V12: 283.55 | W12: 50.031 | X12: 10186.66 | Y12: 9276.371 | Z12: 1348.8 | AA12: 是 | AB12: -3464.212 | AC12: 337 | AD12: 0 | AE12: 337 | AF12: 330 | AG12: 0 | AH12: 330 | AI12: 6694 | AJ12: 32546 | AK12: 39240 | AL12: 4432.47 | AM12: 4432.47 | AN12: 0 | AO12: 337 | AP12: 330 | AS12: 486.89 | AT12: 555 | AU12: 330 | AV12: 337 | AW12: 486.89 | AX12: 555 | AY12: 330 | AZ12: 337
A13: 32260.9 | B13: -6694 | C13: 37334.14 | D13: 4929.32 | E13: 330 | F13: 7199 | G13: 649.63 | H13: 652.19 | I13: 501.23 | J13: 636.97 | K13: 569.52 | L13: 572.08 | M13: 917.6 | N13: 848.95 | O13: 509.1 | P13: 511.7 | Q13: 32015.98 | R13: 6698.184 | S13: 4985.06 | T13: 4.029 | U13: 4989.088 | V13: 284.664 | W13: 50.032 | X13: 10346.58 | Y13: 9053.895 | Z13: 1359.12 | AA13: 是 | AB13: -3539.152 | AC13: 330 | AD13: 0 | AE13: 330 | AF13: 319 | AG13: 0 | AH13: 319 | AI13: 6694 | AJ13: 32478 | AK13: 39172 | AL13: 4480.32 | AM13: 4480.32 | AN13: 0 | AO13: 330 | AP13: 319 | AS13: 416 | AT13: 512.38 | AU13: 319 | AV13: 330 | AW13: 416 | AX13: 512.38 | AY13: 319 | AZ13: 330
A14: 32093.57 | B14: -6694 | C14: 37168.65 | D14: 4950.42 | E14: 330 | F14: 7199 | G14: 648.78 | H14: 651.34 | I14: 501.52 | J14: 636.81 | K14: 569.29 | L14: 572.08 | M14: 916.78 | N14: 848.54 | O14: 491.4 | P14: 490.2 | Q14: 31821.61 | R14: 6733.292 | S14: 5034.973 | T14: 4.004 | U14: 5038.976 | V14: 285.063 | W14: 50.035 | X14: 10556.77 | Y14: 8851.033 | Z14: 1359.27 | AA14: 是 | AB14: -3579.914 | AC14: 330 | AD14: 0 | AE14: 330 | AF14: 330 | AG14: 0 | AH14: 330 | AI14: 6694 | AJ14: 32452 | AK14: 39146 | AL14: 4510.79 | AM14: 4510.79 | AN14: 0 | AO14: 330 | AP14: 330 | AS14: 444.35 | AT14: 492.91 | AU14: 330 | AV14: 330 | AW14: 444.35 | AX14: 492.91 | AY14: 330 | AZ14: 330
... A97: 33337.85 | B97: -6581 | C97: 43028.53 | D97: 1327.62 | E97: 785.99 | F97: 7195 | G97: 662.44 | H97: 663.29 | I97: 508.61 | J97: 655.39 | K97: 570.22 | L97: 573.24 | M97: 919.25 | N97: 851 | O97: 619.8 | P97: 638 | Q97: 33220.58 | R97: 6643.48 | S97: 1306.943 | T97: 3.958 | U97: 1310.901 | V97: 459.122 | W97: 49.979 | X97: 5284.945 | Y97: 14770.28 | Z97: 1882.53 | AA97: 是 | AB97: -3303.685 | AC97: 800 | AD97: 0 | AE97: 800 | AF97: 692 | AG97: 0 | AH97: 692 | AI97: 6581 | AJ97: 33797 | AK97: 40378 | AL97: 1311.3 | AM97: 1311.3 | AN97: 0 | AO97: 785.99 | AP97: 692 | AS97: 620 | AT97: 620 | AU97: 692 | AV97: 800 | AW97: 620 | AX97: 620 | AY97: 692 | AZ97: 800

Sheet 2024年12月10日
A1: 用电负荷(MW) | B1: 外送计划(MW) | C1: 火电总计划(MW) | D1: 新能源总计划(MW) | E1: 用户侧价格(元/MWh) | F1: 特高压雁淮直流外送-电力(MW) | G1: 塔山3# | H1: 塔山4# | I1: 王家岭电厂1#机 | J1: 王家岭电厂2#机 | K1: 神泉1# | L1: 神泉2# | M1: 神泉二期3号机 | N1: 神泉二期4号机 | O1: 紫荆电厂01# | P1: 紫荆电厂02# | Q1: 系统负荷实际值(MW) | R1: 外送实际值(MW) | S1: 风电实际值(MW) | T1: 光伏实际值(MW) | U1: 风光总加实际值(MW) | V1: 水电实际值(MW) | W1: 频率实际值(MW) | X1: 实际上旋备用(MW) | Y1: 实际下旋备用(MW) | Z1: 非市场化机组实际出力(MW) | AA1: 湖关三回线-是否越限 | AB1: 湖关三-潮流(MW) | AC1: 实时节点边际电价-电能量价格(元/MWh) | AD1: 实时节点边际电价-阻塞价格(元/MWh) | AE1: 实时节点边际电价-节点电价(元/MWh) | AF1: 日前节点边际电价-电能量价格(元/MWh) | AG1: 日前节点边际电价-阻塞价格(元/MWh) | AH1: 日前节点边际电价-节点电价(元/MWh) | AI1: 日前联络线电力值(MW) | AJ1: 省内负荷预测电力值(MW) | AK1: 总加电力值(MW) | AL1: 电力值(MW) | AM1: 风电(MW) | AN1: 光伏(MW) | AO1: 实时出清价格(元/MWh) | AP1: 日前出清价格(元/MWh) | AQ1: 日前-出清概况 | AR1: 实时-出清概况 | AS1: 1#日前结果(MW) | AT1: 1#实时结果(MW) | AU1: 1#日前价格(元/MWh) | AV1: 1#实时价格(元/MWh) | AW1: 2#日前结果(MW) | AX1: 2#实时结果(MW) | AY1: 2#日前价格(元/MWh) | AZ1: 2#实时价格(元/MWh)
A2: 33789.65 | B2: -6694 | C2: 43532.71 | D2: 1329.87 | E2: 565.11 | F2: 7194 | G2: 661.6 | H2: 661.6 | I2: 507.46 | J2: 654.33 | K2: 570.22 | L2: 571.85 | M2: 920.48 | N2: 849.77 | O2: 610 | P2: 632.4 | Q2: 34190.71 | R2: 6869.91 | S2: 1280.321 | T2: 4.014 | U2: 1284.335 | V2: 666.2 | W2: 50.031 | X2: 4067.152 | Y2: 15566.8 | Z2: 1889.47 | AA2: 是 | AB2: -3158.146 | AC2: 575 | AD2: 0 | AE2: 575 | AF2: 569 | AG2: 0 | AH2: 569 | AI2: 6694 | AJ2: 33681 | AK2: 40375 | AL2: 1006.56 | AM2: 1006.56 | AN2: 0 | AO2: 565.11 | AP2: 558.33 | AQ2: 12月10日,直调用电预测最大负荷3903.34万千瓦，最小3194.50万千瓦；外送电最大911.44万千瓦，最小498.18万千瓦；日前现货市场出清节点电价最大1500.00元/MWh，最小0.00元/MWh，算术平均625.16元/MWh；日前现货市场火电机组运行135台，运行机组容量47590.00MW；日前调频市场需求最大值4622.94MW，需求最小值为4037.50MW；中标机组最多28台，中标机组最少24台；中标机组调频性能指标平均值为4.06；边际出清价格最大30.00元/MWh，最小14.00元/MWh；火电机组必开97台次、必开容量30591.00MW，必停24台次、必停容量3955.00MW。 | AR2: 12月10日直调用电实际最大负荷3965.53万千瓦，最小3240.95万千瓦；12月10日日外送电实际安排最大911.44万千瓦，最小498.18万千瓦；12月10日实时现货市场出清价格最大1500.00元/MWh，最小0.00元/MWh，算术平均1054.24元/MWh；实时现货市场有阻塞，崛南双断面负载率最高，达到129.00%;滨杨双回线断面负载率次高，达到100.00%。 | AS2: 610 | AT2: 610 | AU2: 569 | AV2: 575 | AW2: 610 | AX2: 610 | AY2: 569 | AZ2: 575
A3: 33824.93 | B3: -6694 | C3: 43893.3 | D3: 1356.06 | E3: 616.01 | F3: 7194 | G3: 661.6 | H3: 662.44 | I3: 508.41 | J3: 652.86 | K3: 571.38 | L3: 572.08 | M3: 920.07 | N3: 849.77 | O3: 606.4 | P3: 637 | Q3: 34024.48 | R3: 6475.076 | S3: 1302.666 | T3: 4.016 | U3: 1306.683 | V3: 132.801 | W3: 49.985 | X3: 4352.398 | Y3: 15428.8 | Z3: 1560.17 | AA3: 是 | AB3: -3160.668 | AC3: 627 | AD3: 0 | AE3: 627 | AF3: 479 | AG3: 0 | AH3: 479 | AI3: 6694 | AJ3: 33539 | AK3: 40233 | AL3: 1000.34 | AM3: 1000.34 | AN3: 0 | AO3: 616.01 | AP3: 468.65 | AS3: 610 | AT3: 610 | AU3: 479 | AV3: 627 | AW3: 610 | AX3: 610 | AY3: 479 | AZ3: 627
A4: 34262.54 | B4: -6694 | C4: 45228.16 | D4: 1377.35 | E4: 833.53 | F4: 7190 | G4: 662.44 | H4: 662.44 | I4: 507.76 | J4: 654.83 | K4: 569.99 | L4: 572.54 | M4: 920.07 | N4: 849.36 | O4: 605.5 | P4: 640.2 | Q4: 33657.45 | R4: 6886.239 | S4: 1342.602 | T4: 4.011 | U4: 1346.613 | V4: -202.889 | W4: 50.021 | X4: 4000.172 | Y4: 15753.43 | Z4: 1764.4 | AA4: 是 | AB4: -3207.873 | AC4: 850 | AD4: 0 | AE4: 850 | AF4: 799 | AG4: 0 | AH4: 799 | AI4: 6694 | AJ4: 33417 | AK4: 40111 | AL4: 1008.91 | AM4: 1008.91 | AN4: 0 | AO4: 833.53 | AP4: 784.69 | AS4: 610 | AT4: 610 | AU4: 799 | AV4: 850 | AW4: 610 | AX4: 610 | AY4: 799 | AZ4: 850
A5: 33754.24 | B5: -6694 | C5: 46272.63 | D5: 1406.95 | E5: 1131.6 | F5: 7192 | G5: 662.44 | H5: 662.44 | I5: 507.99 | J5: 650.83 | K5: 570.22 | L5: 572.78 | M5: 920.07 | N5: 851 | O5: 604.6 | P5: 640.4 | Q5: 33833.56 | R5: 6847.267 | S5: 1367.496 | T5: 4.03 | U5: 1371.526 | V5: -777.437 | W5: 50.005 | X5: 3313.664 | Y5: 16434.91 | Z5: 1532.93 | AA5: 是 | AB5: -3217.258 | AC5: 1150 | AD5: 0 | AE5: 1150 | AF5: 500 | AG5: 0 | AH5: 500 | AI5: 6694 | AJ5: 33297 | AK5: 39991 | AL5: 1020.82 | AM5: 1020.82 | AN5: 0 | AO5: 1131.6 | AP5: 489.69 | AS5: 610 | AT5: 610 | AU5: 500 | AV5: 1150 | AW5: 610 | AX5: 610 | AY5: 500 | AZ5: 1150
A6: 33384.43 | B6: -6694 | C6: 45752.55 | D6: 1376.18 | E6: 984.11 | F6: 7193 | G6: 661.6 | H6: 662.44 | I6: 508.56 | J6: 657.95 | K6: 570.68 | L6: 572.08 | M6: 919.66 | N6: 849.77 | O6: 606.7 | P6: 640.7 | Q6: 33804.22 | R6: 6562.648 | S6: 1302.451 | T6: 4.045 | U6: 1306.495 | V6: -775.16 | W6: 50.023 | X6: 3568.355 | Y6: 16168.02 | Z6: 1556.67 | AA6: 是 | AB6: -3201.71 | AC6: 999 | AD6: 0 | AE6: 999 | AF6: 636 | AG6: 0 | AH6: 636 | AI6: 6694 | AJ6: 33161 | AK6: 39855 | AL6: 1034.45 | AM6: 1034.45 | AN6: 0 | AO6: 984.11 | AP6: 622.3 | AS6: 610 | AT6: 610 | AU6: 636 | AV6: 999 | AW6: 610 | AX6: 610 | AY6: 636 | AZ6: 999
A7: 33324.55 | B7: -6694 | C7: 44979.27 | D7: 1379.63 | E7: 842.29 | F7: 7191 | G7: 662.44 | H7: 662.44 | I7: 508.27 | J7: 654.28 | K7: 570.68 | L7: 572.54 | M7: 920.07 | N7: 849.77 | O7: 602.9 | P7: 640 | Q7: 33397.46 | R7: 6678.186 | S7: 1257.359 | T7: 4.022 | U7: 1261.381 | V7: -791.919 | W7: 50.011 | X7: 3819.375 | Y7: 15933.93 | Z7: 1561.8 | AA7: 是 | AB7: -3198.908 | AC7: 846 | AD7: 0 | AE7: 846 | AF7: 564.2 | AG7: 0 | AH7: 564.2 | AI7: 6694 | AJ7: 33008 | AK7: 39702 | AL7: 1041.8 | AM7: 1041.8 | AN7: 0 | AO7: 842.29 | AP7: 558.32 | AS7: 610 | AT7: 610 | AU7: 564.2 | AV7: 846 | AW7: 610 | AX7: 610 | AY7: 564.2 | AZ7: 846
A8: 33409.3 | B8: -6694 | C8: 45050.34 | D8: 1382.19 | E8: 846 | F8: 7198 | G8: 661.6 | H8: 662.44 | I8: 508.16 | J8: 652.95 | K8: 570.68 | L8: 572.78 | M8: 919.66 | N8: 849.77 | O8: 600.3 | P8: 635.6 | Q8: 33316.82 | R8: 6582.488 | S8: 1201.599 | T8: 4.001 | U8: 1205.6 | V8: -907.625 | W8: 50.03 | X8: 3941.906 | Y8: 15922.91 | Z8: 1575.69 | AA8: 是 | AB8: -3217.258 | AC8: 846 | AD8: 0 | AE8: 846 | AF8: 431 | AG8: 0 | AH8: 431 | AI8: 6694 | AJ8: 32846 | AK8: 39540 | AL8: 1047.06 | AM8: 1047.06 | AN8: 0 | AO8: 846 | AP8: 428.76 | AS8: 610 | AT8: 610 | AU8: 431 | AV8: 846 | AW8: 610 | AX8: 610 | AY8: 431 | AZ8: 846
A9: 33152.73 | B9: -6694 | C9: 44818.36 | D9: 1407.65 | E9: 841 | F9: 7194 | G9: 661.6 | H9: 662.44 | I9: 507.91 | J9: 655.77 | K9: 570.22 | L9: 572.54 | M9: 919.66 | N9: 849.77 | O9: 602.8 | P9: 630.8 | Q9: 33267.12 | R9: 6527.308 | S9: 1199.035 | T9: 3.984 | U9: 1203.019 | V9: -898.785 | W9: 50.003 | X9: 4055.785 | Y9: 15804.72 | Z9: 1556.27 | AA9: 是 | AB9: -3221.461 | AC9: 841 | AD9: 0 | AE9: 841 | AF9: 426 | AG9: 0 | AH9: 426 | AI9: 6694 | AJ9: 32675 | AK9: 39369 | AL9: 1048.85 | AM9: 1048.85 | AN9: 0 | AO9: 841 | AP9: 424.32 | AS9: 610 | AT9: 610 | AU9: 426 | AV9: 841 | AW9: 610 | AX9: 610 | AY9: 426 | AZ9: 841
A10: 33030.86 | B10: -6694 | C10: 44821.99 | D10: 1353.62 | E10: 841 | F10: 7196 | G10: 661.6 | H10: 662.44 | I10: 508.54 | J10: 654.53 | K10: 570.22 | L10: 572.54 | M10: 919.66 | N10: 849.77 | O10: 603.8 | P10: 628.2 | Q10: 32856.43 | R10: 6805.548 | S10: 1293.816 | T10: 3.987 | U10: 1297.803 | V10: -991.588 | W10: 49.975 | X10: 4289.309 | Y10: 15570.23 | Z10: 1434.32 | AA10: 是 | AB10: -2947.753 | AC10: 841 | AD10: 0 | AE10: 841 | AF10: 427 | AG10: 0 | AH10: 427 | AI10: 6694 | AJ10: 32494 | AK10: 39188 | AL10: 1075.06 | AM10: 1075.06 | AN10: 0 | AO10: 841 | AP10: 427 | AS10: 610 | AT10: 610 | AU10: 427 | AV10: 841 | AW10: 610 | AX10: 610 | AY10: 427 | AZ10: 841
A11: 32765.13 | B11: -6694 | C11: 44648.61 | D11: 1256.73 | E11: 835 | F11: 7193 | G11: 662.44 | H11: 661.6 | I11: 508.13 | J11: 654.95 | K11: 570.22 | L11: 573.48 | M11: 920.89 | N11: 849.36 | O11: 605.9 | P11: 631.7 | Q11: 33051.38 | R11: 6560.173 | S11: 1301.244 | T11: 4.016 | U11: 1305.261 | V11: -1006.358 | W11: 49.972 | X11: 4349.785 | Y11: 15532.34 | Z11: 1434.7 | AA11: 是 | AB11: -2935.286 | AC11: 835 | AD11: 0 | AE11: 835 | AF11: 426 | AG11: 0 | AH11: 426 | AI11: 6694 | AJ11: 32317 | AK11: 39011 | AL11: 1080.25 | AM11: 1080.25 | AN11: 0 | AO11: 835 | AP11: 426 | AS11: 610 | AT11: 610 | AU11: 426 | AV11: 835 | AW11: 610 | AX11: 610 | AY11: 426 | AZ11: 835
A12: 32769.05 | B12: -6694 | C12: 44876.68 | D12: 1260.21 | E12: 841.3 | F12: 7196 | G12: 661.6 | H12: 661.6 | I12: 507.6 | J12: 652.91 | K12: 569.99 | L12: 572.78 | M12: 920.07 | N12: 850.59 | O12: 606.1 | P12: 631.5 | Q12: 32961.13 | R12: 6718.067 | S12: 1179.157 | T12: 4.004 | U12: 1183.161 | V12: -1009.476 | W12: 50.033 | X12: 4157.371 | Y12: 15760.17 | Z12: 1343.31 | AA12: 是 | AB12: -2949.013 | AC12: 841.3 | AD12: 0 | AE12: 841.3 | AF12: 426 | AG12: 0 | AH12: 426 | AI12: 6694 | AJ12: 32198 | AK12: 38892 | AL12: 1083.39 | AM12: 1083.39 | AN12: 0 | AO12: 841.3 | AP12: 426 | AS12: 610 | AT12: 610 | AU12: 426 | AV12: 841.3 | AW12: 610 | AX12: 610 | AY12: 426 | AZ12: 841.3
A13: 32846.54 | B13: -6694 | C13: 45085.1 | D13: 1376.82 | E13: 846.1 | F13: 7197 | G13: 662.44 | H13: 662.44 | I13: 508.33 | J13: 654.31 | K13: 570.68 | L13: 573.48 | M13: 919.25 | N13: 849.36 | O13: 607.2 | P13: 633 | Q13: 32794.85 | R13: 6810.85 | S13: 1090.651 | T13: 3.988 | U13: 1094.64 | V13: -1000.162 | W13: 49.978 | X13: 4148.727 | Y13: 15994.63 | Z13: 1317.2 | AA13: 是 | AB13: -2942.15 | AC13: 846.1 | AD13: 0 | AE13: 846.1 | AF13: 427 | AG13: 0 | AH13: 427 | AI13: 6694 | AJ13: 32151 | AK13: 38845 | AL13: 1088.78 | AM13: 1088.78 | AN13: 0 | AO13: 846.1 | AP13: 427 | AS13: 610 | AT13: 610 | AU13: 427 | AV13: 846.1 | AW13: 610 | AX13: 610 | AY13: 427 | AZ13: 846.1
A14: 32779.63 | B14: -6694 | C14: 45074.15 | D14: 1316.18 | E14: 846.1 | F14: 7198 | G14: 661.6 | H14: 662.44 | I14: 507.82 | J14: 653.7 | K14: 570.68 | L14: 572.78 | M14: 919.25 | N14: 849.36 | O14: 605.2 | P14: 634.1 | Q14: 32864.12 | R14: 6655.756 | S14: 1089.615 | T14: 3.938 | U14: 1093.553 | V14: -1002.259 | W14: 50.034 | X14: 4233.301 | Y14: 15915.23 | Z14: 1317.07 | AA14: 是 | AB14: -2953.636 | AC14: 846.1 | AD14: 0 | AE14: 846.1 | AF14: 421 | AG14: 0 | AH14: 421 | AI14: 6694 | AJ14: 32107 | AK14: 38801 | AL14: 1090.43 | AM14: 1090.43 | AN14: 0 | AO14: 846.1 | AP14: 421 | AS14: 610 | AT14: 610 | AU14: 421 | AV14: 846.1 | AW14: 610 | AX14: 610 | AY14: 421 | AZ14: 846.1
... A97: 33620.93 | B97: -6581 | C97: 43978.2 | D97: 1685.18 | E97: 613.31 | F97: 7194 | G97: 662.44 | H97: 662.44 | I97: 502.13 | J97: 654.63 | K97: 569.99 | L97: 572.54 | M97: 920.89 | N97: 851.82 | O97: 612.3 | P97: 641.3 | Q97: 33323.53 | R97: 6508.796 | S97: 1868.22 | T97: 4.085 | U97: 1872.305 | V97: 303.945 | W97: 49.968 | X97: 5300.531 | Y97: 14195.16 | Z97: 1538.59 | AA97: 是 | AB97: -3318.673 | AC97: 624 | AD97: 0 | AE97: 624 | AF97: 421 | AG97: 0 | AH97: 421 | AI97: 6581 | AJ97: 33163 | AK97: 39744 | AL97: 1790.42 | AM97: 1790.42 | AN97: 0 | AO97: 613.31 | AP97: 421 | AS97: 610 | AT97: 610 | AU97: 421 | AV97: 624 | AW97: 610 | AX97: 610 | AY97: 421 | AZ97: 624

Sheet 2024年12月11日
A1: 用电负荷(MW) | B1: 外送计划(MW) | C1: 火电总计划(MW) | D1: 新能源总计划(MW) | E1: 用户侧价格(元/MWh) | F1: 特高压雁淮直流外送-电力(MW) | G1: 塔山3# | H1: 塔山4# | I1: 王家岭电厂1#机 | J1: 王家岭电厂2#机 | K1: 神泉1# | L1: 神泉2# | M1: 神泉二期3号机 | N1: 神泉二期4号机 | O1: 紫荆电厂01# | P1: 紫荆电厂02# | Q1: 系统负荷实际值(MW) | R1: 外送实际值(MW) | S1: 风电实际值(MW) | T1: 光伏实际值(MW) | U1: 风光总加实际值(MW) | V1: 水电实际值(MW) | W1: 频率实际值(MW) | X1: 实际上旋备用(MW) | Y1: 实际下旋备用(MW) | Z1: 非市场化机组实际出力(MW) | AA1: 湖关三回线-是否越限 | AB1: 湖关三-潮流(MW) | AC1: 实时节点边际电价-电能量价格(元/MWh) | AD1: 实时节点边际电价-阻塞价格(元/MWh) | AE1: 实时节点边际电价-节点电价(元/MWh) | AF1: 日前节点边际电价-电能量价格(元/MWh) | AG1: 日前节点边际电价-阻塞价格(元/MWh) | AH1: 日前节点边际电价-节点电价(元/MWh) | AI1: 日前联络线电力值(MW) | AJ1: 省内负荷预测电力值(MW) | AK1: 总加电力值(MW) | AL1: 电力值(MW) | AM1: 风电(MW) | AN1: 光伏(MW) | AO1: 实时出清价格(元/MWh) | AP1: 日前出清价格(元/MWh) | AQ1: 日前-出清概况 | AR1: 实时-出清概况 | AS1: 1#日前结果(MW) | AT1: 1#实时结果(MW) | AU1: 1#日前价格(元/MWh) | AV1: 1#实时价格(元/MWh) | AW1: 2#日前结果(MW) | AX1: 2#实时结果(MW) | AY1: 2#日前价格(元/MWh) | AZ1: 2#实时价格(元/MWh)
A2: 34003.57 | B2: -5194 | C2: 42968.7 | D2: 1669.48 | E2: 752.47 | F2: 7196 | G2: 662.44 | H2: 661.6 | I2: 507.62 | J2: 654.14 | K2: 569.29 | L2: 572.54 | M2: 919.25 | N2: 906.91 | O2: 610.2 | P2: 640 | Q2: 33726.18 | R2: 5053.741 | S2: 1914.535 | T2: 4.033 | U2: 1918.567 | V2: 370.259 | W2: 50.028 | X2: 6399.508 | Y2: 13105.04 | Z2: 1532.96 | AA2: 是 | AB2: -2991.316 | AC2: 768 | AD2: 0 | AE2: 768 | AF2: 772 | AG2: 0 | AH2: 772 | AI2: 6694 | AJ2: 34854 | AK2: 41548 | AL2: 1280.23 | AM2: 1280.23 | AN2: 0 | AO2: 752.47 | AP2: 756.89 | AQ2: 12月11日,直调用电预测最大负荷3985.15万千瓦，最小3302.60万千瓦；外送电最大761.44万千瓦，最小497.30万千瓦；日前现货市场出清节点电价最大1500.00元/MWh，最小0.00元/MWh，算术平均679.44元/MWh；日前现货市场火电机组运行135台，运行机组容量47890.00MW；日前调频市场需求最大值4541.48MW，需求最小值为4004.80MW；中标机组最多27台，中标机组最少23台；中标机组调频性能指标平均值为4.22；边际出清价格最大30.00元/MWh，最小10.00元/MWh；火电机组必开96台次、必开容量30291.00MW，必停24台次、必停容量3655.00MW。 | AR2: 12月11日直调用电实际最大负荷3900.18万千瓦，最小3171.54万千瓦；12月11日日外送电实际安排最大761.44万千瓦，最小497.30万千瓦；12月11日实时现货市场出清价格最大1500.00元/MWh，最小0.00元/MWh，算术平均572.60元/MWh；实时现货市场有阻塞，崛南双断面负载率最高，达到127.00%;滨杨双回线断面负载率次高，达到120.00%。 | AS2: 610 | AT2: 610 | AU2: 772 | AV2: 768 | AW2: 610 | AX2: 610 | AY2: 772 | AZ2: 768
A3: 33794.3 | B3: -5194 | C3: 42760.06 | D3: 1704.71 | E3: 636.24 | F3: 7199 | G3: 659.03 | H3: 662.44 | I3: 508.23 | J3: 655.03 | K3: 569.99 | L3: 573.24 | M3: 920.89 | N3: 920.07 | O3: 613.4 | P3: 643.7 | Q3: 33867.24 | R3: 5272.431 | S3: 1875.867 | T3: 4.025 | U3: 1879.893 | V3: 259.758 | W3: 49.966 | X3: 5690.336 | Y3: 13541.37 | Z3: 1418.07 | AA3: 是 | AB3: -2786.946 | AC3: 649 | AD3: 0 | AE3: 649 | AF3: 808 | AG3: 0 | AH3: 808 | AI3: 6694 | AJ3: 34682 | AK3: 41376 | AL3: 1250.73 | AM3: 1250.73 | AN3: 0 | AO3: 636.24 | AP3: 792.11 | AS3: 610 | AT3: 610 | AU3: 808 | AV3: 649 | AW3: 610 | AX3: 610 | AY3: 808 | AZ3: 649
A4: 33630.2 | B4: -5194 | C4: 42923.3 | D4: 1749.81 | E4: 754.14 | F4: 7199 | G4: 659.88 | H4: 661.6 | I4: 507.31 | J4: 653.69 | K4: 569.29 | L4: 572.54 | M4: 920.89 | N4: 920.07 | O4: 605.3 | P4: 636.1 | Q4: 33805.3 | R4: 5294.724 | S4: 1905.97 | T4: 4.027 | U4: 1909.998 | V4: -50.661 | W4: 50.033 | X4: 5447.391 | Y4: 13806.64 | Z4: 1476.5 | AA4: 是 | AB4: -2799.833 | AC4: 770 | AD4: 0 | AE4: 770 | AF4: 770 | AG4: 0 | AH4: 770 | AI4: 6694 | AJ4: 34215.2 | AK4: 40909.2 | AL4: 1229.61 | AM4: 1229.61 | AN4: 0 | AO4: 754.14 | AP4: 752.86 | AS4: 610 | AT4: 610 | AU4: 770 | AV4: 770 | AW4: 610 | AX4: 610 | AY4: 770 | AZ4: 770
A5: 33539.3 | B5: -5194 | C5: 42887.9 | D5: 1776.54 | E5: 757.23 | F5: 7199 | G5: 660.73 | H5: 662.44 | I5: 508.1 | J5: 654.31 | K5: 569.99 | L5: 572.08 | M5: 919.66 | N5: 920.07 | O5: 610.7 | P5: 638.2 | Q5: 33403.07 | R5: 5146.023 | S5: 2066.272 | T5: 4.03 | U5: 2070.303 | V5: -361.457 | W5: 50.015 | X5: 5845.348 | Y5: 13448.57 | Z5: 1678.61 | AA5: 是 | AB5: -2802.915 | AC5: 768 | AD5: 0 | AE5: 768 | AF5: 784 | AG5: 0 | AH5: 784 | AI5: 6694 | AJ5: 34046.9 | AK5: 40740.9 | AL5: 1219.29 | AM5: 1219.29 | AN5: 0 | AO5: 757.23 | AP5: 772.72 | AS5: 610 | AT5: 610 | AU5: 784 | AV5: 768 | AW5: 610 | AX5: 610 | AY5: 784 | AZ5: 768
A6: 33206.15 | B6: -5194 | C6: 42711.3 | D6: 1797.75 | E6: 650 | F6: 7199 | G6: 659.88 | H6: 659.03 | I6: 508.04 | J6: 653.91 | K6: 569.29 | L6: 572.78 | M6: 919.25 | N6: 920.07 | O6: 610 | P6: 630.6 | Q6: 33159.12 | R6: 5186.505 | S6: 2136.238 | T6: 4.056 | U6: 2140.293 | V6: -663.65 | W6: 50.018 | X6: 5818.055 | Y6: 13473.34 | Z6: 1697.8 | AA6: 是 | AB6: -3073.401 | AC6: 650 | AD6: 0 | AE6: 650 | AF6: 784 | AG6: 0 | AH6: 784 | AI6: 6694 | AJ6: 33854.6 | AK6: 40548.6 | AL6: 1194.52 | AM6: 1194.52 | AN6: 0 | AO6: 650 | AP6: 772.11 | AS6: 610 | AT6: 610 | AU6: 784 | AV6: 650 | AW6: 610 | AX6: 610 | AY6: 784 | AZ6: 650
A7: 32853.09 | B7: -5194 | C7: 42688.16 | D7: 1769.11 | E7: 600 | F7: 7199 | G7: 659.88 | H7: 659.88 | I7: 507.84 | J7: 654.59 | K7: 569.29 | L7: 572.08 | M7: 919.66 | N7: 920.48 | O7: 609.3 | P7: 640.7 | Q7: 33034.96 | R7: 4987.7 | S7: 2052.715 | T7: 4.007 | U7: 2056.722 | V7: -658.491 | W7: 49.992 | X7: 6062.992 | Y7: 13259.82 | Z7: 1684.4 | AA7: 是 | AB7: -3207.873 | AC7: 600 | AD7: 0 | AE7: 600 | AF7: 784.9 | AG7: 0 | AH7: 784.9 | AI7: 6694 | AJ7: 33686.2 | AK7: 40380.2 | AL7: 1167.22 | AM7: 1167.22 | AN7: 0 | AO7: 600 | AP7: 784.9 | AS7: 610 | AT7: 610 | AU7: 784.9 | AV7: 600 | AW7: 610 | AX7: 610 | AY7: 784.9 | AZ7: 600
A8: 32887.06 | B8: -5194 | C8: 42565.55 | D8: 1770.97 | E8: 509 | F8: 7199 | G8: 660.73 | H8: 659.03 | I8: 508.31 | J8: 652.2 | K8: 569.99 | L8: 571.85 | M8: 919.25 | N8: 920.07 | O8: 608.5 | P8: 637.7 | Q8: 32870.3 | R8: 5159.818 | S8: 1952.215 | T8: 4.086 | U8: 1956.301 | V8: -756.884 | W8: 50.033 | X8: 5953.516 | Y8: 13443.86 | Z8: 1698.68 | AA8: 是 | AB8: -3199.749 | AC8: 509 | AD8: 0 | AE8: 509 | AF8: 784 | AG8: 0 | AH8: 784 | AI8: 6694 | AJ8: 33542 | AK8: 40236 | AL8: 1142.23 | AM8: 1142.23 | AN8: 0 | AO8: 509 | AP8: 784 | AS8: 610 | AT8: 610 | AU8: 784 | AV8: 509 | AW8: 610 | AX8: 610 | AY8: 784 | AZ8: 509
A9: 32750.17 | B9: -5194 | C9: 42404.26 | D9: 1837.35 | E9: 450 | F9: 7199 | G9: 659.88 | H9: 659.88 | I9: 508.74 | J9: 655.09 | K9: 569.29 | L9: 573.24 | M9: 919.25 | N9: 919.25 | O9: 601.8 | P9: 635.8 | Q9: 32718.7 | R9: 5365.669 | S9: 1879.572 | T9: 4.114 | U9: 1883.686 | V9: -752.142 | W9: 50.033 | X9: 5835.633 | Y9: 13530.41 | Z9: 1686.62 | AA9: 是 | AB9: -3202.831 | AC9: 450 | AD9: 0 | AE9: 0 | AF9: 768 | AG9: 0 | AH9: 768 | AI9: 6694 | AJ9: 33469.8 | AK9: 40163.8 | AL9: 1113.83 | AM9: 1113.83 | AN9: 0 | AO9: 450 | AP9: 768 | AS9: 610 | AT9: 610 | AU9: 768 | AV9: 450 | AW9: 610 | AX9: 610 | AY9: 768 | AZ9: 450
A10: 32622.48 | B10: -5264 | C10: 41857.91 | D10: 1876.34 | E10: 398 | F10: 7199 | G10: 652.19 | H10: 652.19 | I10: 499.61 | J10: 644.89 | K10: 569.29 | L10: 572.54 | M10: 919.66 | N10: 920.48 | O10: 565.6 | P10: 552.9 | Q10: 32637.74 | R10: 5285.927 | S10: 1861.662 | T10: 4.126 | U10: 1865.788 | V10: -844.47 | W10: 50.036 | X10: 5984.984 | Y10: 13340.73 | Z10: 1591.39 | AA10: 是 | AB10: -3383.948 | AC10: 398 | AD10: 0 | AE10: 0 | AF10: 784 | AG10: 0 | AH10: 784 | AI10: 6694 | AJ10: 33445.8 | AK10: 40139.8 | AL10: 1093.59 | AM10: 1093.59 | AN10: 0 | AO10: 398 | AP10: 784 | AS10: 610 | AT10: 555 | AU10: 784 | AV10: 398 | AW10: 610 | AX10: 555 | AY10: 784 | AZ10: 398
A11: 32426.21 | B11: -5264 | C11: 41665.87 | D11: 1817.73 | E11: 398 | F11: 7199 | G11: 651.34 | H11: 649.63 | I11: 500.42 | J11: 645.55 | K11: 569.99 | L11: 572.08 | M11: 919.25 | N11: 919.25 | O11: 548.5 | P11: 550.2 | Q11: 32508.09 | R11: 5289.97 | S11: 1770.295 | T11: 4.015 | U11: 1774.309 | V11: -840.212 | W11: 50.01 | X11: 6026.223 | Y11: 13338.9 | Z11: 1589.52 | AA11: 是 | AB11: -3410.983 | AC11: 398 | AD11: 0 | AE11: 398 | AF11: 784 | AG11: 0 | AH11: 784 | AI11: 6694 | AJ11: 33349.6 | AK11: 40043.6 | AL11: 1069.83 | AM11: 1069.83 | AN11: 0 | AO11: 398 | AP11: 784 | AS11: 610 | AT11: 555 | AU11: 784 | AV11: 398 | AW11: 610 | AX11: 555 | AY11: 784 | AZ11: 398
A12: 32419.04 | B12: -5264 | C12: 41681.87 | D12: 1770.85 | E12: 398 | F12: 7199 | G12: 651.34 | H12: 649.63 | I12: 499.84 | J12: 645.63 | K12: 569.99 | L12: 572.78 | M12: 919.25 | N12: 919.25 | O12: 559.1 | P12: 556.6 | Q12: 32430.75 | R12: 5485.593 | S12: 1757.363 | T12: 4.13 | U12: 1761.493 | V12: -829.553 | W12: 49.978 | X12: 5903.051 | Y12: 13351.41 | Z12: 1484.44 | AA12: 是 | AB12: -3391.373 | AC12: 398 | AD12: 0 | AE12: 398 | AF12: 778 | AG12: 0 | AH12: 778 | AI12: 6694 | AJ12: 33229.4 | AK12: 39923.4 | AL12: 1048.77 | AM12: 1048.77 | AN12: 0 | AO12: 398 | AP12: 778 | AS12: 610 | AT12: 555 | AU12: 778 | AV12: 398 | AW12: 610 | AX12: 555 | AY12: 778 | AZ12: 398
A13: 32439.33 | B13: -5264 | C13: 41699.17 | D13: 1756.48 | E13: 398 | F13: 7199 | G13: 652.19 | H13: 653.03 | I13: 499.83 | J13: 645.84 | K13: 569.99 | L13: 572.54 | M13: 919.66 | N13: 919.66 | O13: 558.9 | P13: 558 | Q13: 32327.75 | R13: 5322.67 | S13: 1721.16 | T13: 4.075 | U13: 1725.235 | V13: -828.11 | W13: 49.995 | X13: 6132.641 | Y13: 13156.43 | Z13: 1480.59 | AA13: 是 | AB13: -3383.668 | AC13: 398 | AD13: 0 | AE13: 398 | AF13: 500 | AG13: 0 | AH13: 500 | AI13: 6694 | AJ13: 33229.4 | AK13: 39923.4 | AL13: 1027.51 | AM13: 1027.51 | AN13: 0 | AO13: 398 | AP13: 500 | AS13: 610 | AT13: 555 | AU13: 500 | AV13: 398 | AW13: 610 | AX13: 555 | AY13: 500 | AZ13: 398
A14: 32327.05 | B14: -5264 | C14: 41470.05 | D14: 1708.11 | E14: 398 | F14: 7199 | G14: 652.19 | H14: 653.03 | I14: 500.49 | J14: 645.92 | K14: 570.92 | L14: 572.08 | M14: 919.66 | N14: 914.72 | O14: 558.7 | P14: 558 | Q14: 32170.89 | R14: 5230.216 | S14: 1693.374 | T14: 4.115 | U14: 1697.489 | V14: -828.336 | W14: 50.027 | X14: 6354.727 | Y14: 12949.98 | Z14: 1485.16 | AA14: 是 | AB14: -3391.652 | AC14: 398 | AD14: 0 | AE14: 398 | AF14: 778 | AG14: 0 | AH14: 778 | AI14: 6694 | AJ14: 33181.3 | AK14: 39875.3 | AL14: 1009.45 | AM14: 1009.45 | AN14: 0 | AO14: 398 | AP14: 778 | AS14: 610 | AT14: 555 | AU14: 778 | AV14: 398 | AW14: 610 | AX14: 555 | AY14: 778 | AZ14: 398
... A97: 32603.89 | B97: -5579.04 | C97: 36275.4 | D97: 6498.26 | E97: 322.25 | F97: 7194 | G97: 449.66 | H97: 451.38 | I97: 0 | J97: 484.77 | K97: 569.29 | L97: 572.54 | M97: 918.84 | N97: 918.84 | O97: 411.4 | P97: 384.8 | Q97: 32743.17 | R97: 5384.051 | S97: 5737.637 | T97: 3.167 | U97: 5740.804 | V97: 213.85 | W97: 50.033 | X97: 10510.32 | Y97: 9187.125 | Z97: 1315.06 | AA97: 是 | AB97: -3673.625 | AC97: 300 | AD97: 0 | AE97: 300 | AF97: 317 | AG97: 0 | AH97: 317 | AI97: 6581 | AJ97: 33060 | AK97: 39641 | AL97: 5424.77 | AM97: 5424.77 | AN97: 0 | AO97: 322.25 | AP97: 317 | AS97: 361 | AT97: 416 | AU97: 317 | AV97: 300 | AW97: 361 | AX97: 416 | AY97: 317 | AZ97: 300

Sheet 2024年12月12日
A1: 用电负荷(MW) | B1: 外送计划(MW) | C1: 火电总计划(MW) | D1: 新能源总计划(MW) | E1: 用户侧价格(元/MWh) | F1: 特高压雁淮直流外送-电力(MW) | G1: 塔山3# | H1: 塔山4# | I1: 王家岭电厂1#机 | J1: 王家岭电厂2#机 | K1: 神泉1# | L1: 神泉2# | M1: 神泉二期3号机 | N1: 神泉二期4号机 | P1: 紫荆电厂02# | Q1: 系统负荷实际值(MW) | R1: 外送实际值(MW) | S1: 风电实际值(MW) | T1: 光伏实际值(MW) | U1: 风光总加实际值(MW) | V1: 水电实际值(MW) | W1: 频率实际值(MW) | X1: 实际上旋备用(MW) | Y1: 实际下旋备用(MW) | Z1: 非市场化机组实际出力(MW) | AA1: 湖关三回线-是否越限 | AB1: 湖关三-潮流(MW) | AC1: 实时节点边际电价-电能量价格(元/MWh) | AD1: 实时节点边际电价-阻塞价格(元/MWh) | AE1: 实时节点边际电价-节点电价(元/MWh) | AF1: 日前节点边际电价-电能量价格(元/MWh) | AG1: 日前节点边际电价-阻塞价格(元/MWh) | AH1: 日前节点边际电价-节点电价(元/MWh) | AI1: 日前联络线电力值(MW) | AJ1: 省内负荷预测电力值(MW) | AK1: 总加电力值(MW) | AL1: 电力值(MW) | AM1: 风电(MW) | AN1: 光伏(MW) | AO1: 实时出清价格(元/MWh) | AP1: 日前出清价格(元/MWh) | AQ1: 日前-出清概况 | AR1: 实时-出清概况 | AS1: 1#日前结果(MW) | AT1: 1#实时结果(MW) | AU1: 1#日前价格(元/MWh) | AV1: 1#实时价格(元/MWh) | AW1: 2#日前结果(MW) | AX1: 2#实时结果(MW) | AY1: 2#日前价格(元/MWh) | AZ1: 2#实时价格(元/MWh)
A2: 33338.13 | B2: -6694 | C2: 37829.62 | D2: 6544.63 | E2: 349.27 | F2: 7199 | G2: 570.15 | H2: 571 | I2: 0 | J2: 561.58 | K2: 569.52 | L2: 572.54 | M2: 917.19 | N2: 920.07 | P2: 487.4 | Q2: 33442.75 | R2: 6799.425 | S2: 5329.719 | T2: 3.194 | U2: 5332.913 | V2: 214.98 | W2: 50.033 | X2: 7992.652 | Y2: 11951.69 | Z2: 1313.36 | AA2: 是 | AB2: -3488.725 | AC2: 350 | AD2: 0 | AE2: 350 | AF2: 350 | AG2: 0 | AH2: 350 | AI2: 6694 | AJ2: 33292 | AK2: 39986 | AL2: 6155.82 | AM2: 6155.82 | AN2: 0 | AO2: 349.27 | AP2: 350 | AQ2: 12月12日,直调用电预测最大负荷3898.30万千瓦，最小3157.50万千瓦；外送电最大915.97万千瓦，最小667.30万千瓦；日前现货市场出清节点电价最大1500.00元/MWh，最小0.00元/MWh，算术平均310.95元/MWh；日前现货市场火电机组运行130台，运行机组容量45642.00MW；日前调频市场需求最大值4646.40MW，需求最小值为3998.60MW；中标机组最多25台，中标机组最少21台；中标机组调频性能指标平均值为3.95；边际出清价格最大20.00元/MWh，最小5.00元/MWh；火电机组必开96台次、必开容量29891.00MW，必停23台次、必停容量3455.00MW。 | AR2: 12月12日直调用电实际最大负荷3907.46万千瓦，最小3169.26万千瓦；12月12日日外送电实际安排最大915.97万千瓦，最小667.30万千瓦；12月12日实时现货市场出清价格最大1500.00元/MWh，最小0.00元/MWh，算术平均353.78元/MWh；实时现货市场有阻塞，崛南双断面负载率最高，达到100.00%;滨杨双回线断面负载率次高，达到103.00%。 | AS2: 460 | AT2: 515 | AU2: 350 | AV2: 350 | AW2: 460 | AX2: 515 | AY2: 350 | AZ2: 350
A3: 33313.06 | B3: -6694 | C3: 38185.57 | D3: 6353.71 | E3: 349.26 | F3: 7198 | G3: 648.78 | H3: 642.78 | I3: 0 | J3: 626.13 | K3: 569.99 | L3: 573.24 | M3: 918.84 | N3: 919.66 | P3: 553.8 | Q3: 33295.52 | R3: 6905.861 | S3: 5079.548 | T3: 3.091 | U3: 5082.639 | V3: 214.95 | W3: 50.036 | X3: 7782.688 | Y3: 12298.45 | Z3: 1325.48 | AA3: 是 | AB3: -3385.77 | AC3: 350 | AD3: 0 | AE3: 350 | AF3: 327 | AG3: 0 | AH3: 327 | AI3: 6694 | AJ3: 33229 | AK3: 39923 | AL3: 6148.8 | AM3: 6148.8 | AN3: 0 | AO3: 349.26 | AP3: 327 | AS3: 555 | AT3: 555 | AU3: 327 | AV3: 350 | AW3: 555 | AX3: 555 | AY3: 327 | AZ3: 350
A4: 33349.16 | B4: -6694 | C4: 38809.38 | D4: 6016.31 | E4: 369.59 | F4: 7199 | G4: 659.88 | H4: 659.03 | I4: 0 | J4: 645.13 | K4: 569.99 | L4: 573.48 | M4: 918.01 | N4: 919.25 | P4: 557.4 | Q4: 33262.8 | R4: 6770.953 | S4: 4758.644 | T4: 3.17 | U4: 4761.814 | V4: 215.49 | W4: 49.983 | X4: 7632.293 | Y4: 12505.96 | Z4: 1328.27 | AA4: 是 | AB4: -3373.583 | AC4: 370 | AD4: 0 | AE4: 370 | AF4: 330 | AG4: 0 | AH4: 330 | AI4: 6694 | AJ4: 33138 | AK4: 39832 | AL4: 6150.28 | AM4: 6150.28 | AN4: 0 | AO4: 369.59 | AP4: 330 | AS4: 555 | AT4: 555 | AU4: 330 | AV4: 370 | AW4: 555 | AX4: 555 | AY4: 330 | AZ4: 370
A5: 32978.58 | B5: -6694 | C5: 38779.21 | D5: 5688 | E5: 369.59 | F5: 7198 | G5: 659.03 | H5: 661.6 | I5: 0 | J5: 639.61 | K5: 569.29 | L5: 573.24 | M5: 919.25 | N5: 918.01 | P5: 554.3 | Q5: 33324.98 | R5: 6696.744 | S5: 4628.182 | T5: 3.129 | U5: 4631.311 | V5: -95.95 | W5: 50.035 | X5: 7201.949 | Y5: 12901.4 | Z5: 1330.71 | AA5: 是 | AB5: -3380.166 | AC5: 370 | AD5: 0 | AE5: 370 | AF5: 330 | AG5: 0 | AH5: 330 | AI5: 6694 | AJ5: 32988 | AK5: 39682 | AL5: 6155.75 | AM5: 6155.75 | AN5: 0 | AO5: 369.59 | AP5: 330 | AS5: 555 | AT5: 555 | AU5: 330 | AV5: 370 | AW5: 555 | AX5: 555 | AY5: 330 | AZ5: 370
A6: 32850.52 | B6: -6694 | C6: 37363.51 | D6: 5449.74 | E6: 339.04 | F6: 7197 | G6: 650.47 | H6: 648.78 | I6: 0 | J6: 632.2 | K6: 570.22 | L6: 572.78 | M6: 920.07 | N6: 918.84 | P6: 555 | Q6: 33136.16 | R6: 6466.26 | S6: 4633.113 | T6: 3.178 | U6: 4636.291 | V6: -360.96 | W6: 50.036 | X6: 7311.98 | Y6: 12691.62 | Z6: 1314.91 | AA6: 是 | AB6: -3372.742 | AC6: 340 | AD6: 0 | AE6: 340 | AF6: 340 | AG6: 0 | AH6: 340 | AI6: 6694 | AJ6: 32806 | AK6: 39500 | AL6: 6163.11 | AM6: 6163.11 | AN6: 0 | AO6: 339.04 | AP6: 340 | AS6: 555 | AT6: 555 | AU6: 340 | AV6: 340 | AW6: 555 | AX6: 555 | AY6: 340 | AZ6: 340
A7: 32853.69 | B7: -6694 | C7: 39277.3 | D7: 5197.35 | E7: 395 | F7: 7197 | G7: 658.16 | H7: 657.32 | I7: 0 | J7: 637.44 | K7: 569.52 | L7: 572.78 | M7: 920.48 | N7: 919.66 | P7: 557.8 | Q7: 32718.88 | R7: 6957.251 | S7: 4697.089 | T7: 3.226 | U7: 4700.315 | V7: -355.9 | W7: 49.969 | X7: 7299.078 | Y7: 12877.55 | Z7: 1299.13 | AA7: 是 | AB7: -3366.439 | AC7: 395 | AD7: 0 | AE7: 395 | AF7: 320 | AG7: 0 | AH7: 320 | AI7: 6694 | AJ7: 32599 | AK7: 39293 | AL7: 6178.52 | AM7: 6178.52 | AN7: 0 | AO7: 395 | AP7: 320 | AS7: 555 | AT7: 555 | AU7: 320 | AV7: 395 | AW7: 555 | AX7: 555 | AY7: 320 | AZ7: 395
A8: 32773.3 | B8: -6694 | C8: 39300.79 | D8: 4981.75 | E8: 395 | F8: 7197 | G8: 659.88 | H8: 659.03 | I8: 0 | J8: 651.58 | K8: 570.22 | L8: 573.24 | M8: 920.07 | N8: 918.84 | P8: 557.9 | Q8: 32815.23 | R8: 6855.227 | S8: 4932.172 | T8: 3.23 | U8: 4935.402 | V8: -499.7 | W8: 49.987 | X8: 7552.477 | Y8: 12758.79 | Z8: 1338.83 | AA8: 是 | AB8: -3369.941 | AC8: 395 | AD8: 0 | AE8: 395 | AF8: 320 | AG8: 0 | AH8: 320 | AI8: 6694 | AJ8: 32355 | AK8: 39049 | AL8: 6223.2 | AM8: 6223.2 | AN8: 0 | AO8: 395 | AP8: 320 | AS8: 555 | AT8: 555 | AU8: 320 | AV8: 395 | AW8: 555 | AX8: 555 | AY8: 320 | AZ8: 395
A9: 32598.56 | B9: -6694 | C9: 38254.05 | D9: 4857.81 | E9: 359.4 | F9: 7198 | G9: 658.16 | H9: 656.47 | I9: 0 | J9: 639.89 | K9: 569.52 | L9: 572.54 | M9: 919.66 | N9: 919.25 | P9: 554.5 | Q9: 32723.5 | R9: 6737.607 | S9: 5585.678 | T9: 3.158 | U9: 5588.836 | V9: -501.25 | W9: 50.034 | X9: 8391.883 | Y9: 11890.99 | Z9: 1329.61 | AA9: 是 | AB9: -3384.088 | AC9: 360 | AD9: 0 | AE9: 360 | AF9: 330 | AG9: 0 | AH9: 330 | AI9: 6694 | AJ9: 32166 | AK9: 38860 | AL9: 6261.38 | AM9: 6261.38 | AN9: 0 | AO9: 359.4 | AP9: 330 | AS9: 555 | AT9: 555 | AU9: 330 | AV9: 360 | AW9: 555 | AX9: 555 | AY9: 330 | AZ9: 360
A10: 32582.79 | B10: -7192.05 | C10: 38744.23 | D10: 4999.65 | E10: 359.42 | F10: 7197 | G10: 657.32 | H10: 658.16 | I10: 0 | J10: 640.53 | K10: 570.92 | L10: 573.94 | M10: 919.66 | N10: 920.07 | P10: 558 | Q10: 32653.3 | R10: 6955.433 | S10: 6182.947 | T10: 3.197 | U10: 6186.144 | V10: -499.58 | W10: 50.031 | X10: 8840.648 | Y10: 11401.44 | Z10: 1181.24 | AA10: 是 | AB10: -3371.762 | AC10: 360 | AD10: 0 | AE10: 360 | AF10: 320 | AG10: 0 | AH10: 320 | AI10: 6694 | AJ10: 32111 | AK10: 38805 | AL10: 6302.11 | AM10: 6302.11 | AN10: 0 | AO10: 359.42 | AP10: 320 | AS10: 555 | AT10: 555 | AU10: 320 | AV10: 360 | AW10: 555 | AX10: 555 | AY10: 320 | AZ10: 360
A11: 32448.68 | B11: -6792.05 | C11: 37554.75 | D11: 5097.27 | E11: 339.04 | F11: 7198 | G11: 653.91 | H11: 653.03 | I11: 0 | J11: 632.11 | K11: 569.29 | L11: 573.48 | M11: 919.25 | N11: 920.48 | P11: 557.9 | Q11: 32484.64 | R11: 6764.2 | S11: 6669.243 | T11: 3.206 | U11: 6672.449 | V11: -397.26 | W11: 50.025 | X11: 9693.977 | Y11: 10427.26 | Z11: 1179.34 | AA11: 是 | AB11: -3372.322 | AC11: 340 | AD11: 0 | AE11: 340 | AF11: 320 | AG11: 0 | AH11: 320 | AI11: 6694 | AJ11: 32110 | AK11: 38804 | AL11: 6338.02 | AM11: 6338.02 | AN11: 0 | AO11: 339.04 | AP11: 320 | AS11: 555 | AT11: 555 | AU11: 320 | AV11: 340 | AW11: 555 | AX11: 555 | AY11: 320 | AZ11: 340
